capacity;failure_rate;id;margin;price;prod_cost;product_type;quality;warranty
21.313063800841288;0.03792781797895729;20049;613.0617618630818;768.160604890966;155.09884302788427;auto-portee;Medium;3 ans
25.797234060134517;0.038663963701407005;19699;701.3216077151048;865.7275397711709;164.405932056066;auto-portee;Low;3 ans
14.314083325212422;0.0431181216522151;19704;654.1474975777737;807.3741576340544;153.22666005628074;auto-portee;Low;3 ans
29.754389588650017;0.03855058797372652;20072;669.0832392823254;866.5739543199292;197.49071503760382;auto-portee;Low;3 ans
24.915115505788485;0.03882929346392417;20183;675.3132205876365;859.2057915283639;183.8925709407274;auto-portee;Low;3 ans
20.202288497686627;0.03794156177767397;19967;669.1541607544888;805.1166317604847;135.9624710059959;auto-portee;Low;3 ans
25.91785164400127;0.033390234638945616;20046;718.8883696033964;877.7615174976632;158.87314789426685;auto-portee;Hight;3 ans
14.468300430623623;0.029200786411633657;19897;695.5989001901153;852.935727455415;157.3368272652997;auto-portee;Medium;3 ans
18.590439074451634;0.04026563998197258;20160;672.4453081046314;821.4453265073417;149.00001840271037;auto-portee;Low;3 ans
10.949484307797109;0.03840950917804065;20058;653.0117892244605;828.7291185287162;175.71732930425566;auto-portee;Medium;3 ans
19.789083025430795;0.03601482685285643;19859;695.804303850777;856.3830766058452;160.57877275506812;auto-portee;Medium;3 ans
13.513242544887724;0.037196107855638004;20092;721.3670319745906;897.8875342721617;176.5205022975711;auto-portee;Low;3 ans
9.643200637167826;0.03620172621968101;19893;717.7755844227277;913.192457516309;195.41687309358127;auto-portee;Low;3 ans
16.04345273539551;0.03353749541028007;20086;648.5330694678639;843.0718904110722;194.5388209432083;auto-portee;Medium;3 ans
11.556702534362456;0.03243554002251495;19864;719.3390440137869;851.1437057518292;131.8046617380424;auto-portee;Low;3 ans
20.41489864043841;0.041533593749882775;20246;727.9473385456184;885.2470885009666;157.29974995534818;auto-portee;Hight;3 ans
17.606996696051294;0.037898757952139615;19819;667.7447573153395;836.551684839636;168.8069275242965;auto-portee;Low;3 ans
16.879243861913253;0.03311446023747991;20139;735.2151039762762;902.4279920768815;167.21288810060534;auto-portee;Hight;3 ans
18.34276850835761;0.03548372917493232;19715;644.5610716262574;792.922407981224;148.36133635496657;auto-portee;Low;3 ans
16.988370238322467;0.03506335642389403;19808;611.2975159000724;760.8915481460801;149.5940322460077;auto-portee;Medium;3 ans
26.514598585862878;0.0337762983899958;19909;648.6800803934632;791.429235974253;142.74915558078976;auto-portee;Low;3 ans
34.10218871014892;0.04027738503189103;19747;642.1747891247312;824.7386292740902;182.563840149359;auto-portee;Low;3 ans
10.687022385812941;0.03320507033507287;20221;680.7911557862667;845.5016681668834;164.7105123806167;auto-portee;Medium;3 ans
16.7448826756962;0.03285554659435809;20028;709.3461420317363;835.3288806034756;125.98273857173922;auto-portee;Low;3 ans
19.745615920741578;0.03611946947482781;20012;708.6523989842206;899.7747062483896;191.12230726416908;auto-portee;Low;3 ans
10.730358064291634;0.0406609185578536;19737;680.55667576903;847.1935924333839;166.63691666435383;auto-portee;Hight;3 ans
30.28377750862914;0.03391000597938933;19763;711.3239386904843;899.6192540613807;188.29531537089642;auto-portee;Low;3 ans
25.957640408057276;0.03740966348957429;19788;618.1770132757416;766.9152178753601;148.73820459961846;auto-portee;Low;3 ans
31.16186037503352;0.03778013643545816;19935;665.072768465494;846.6141535025466;181.54138503705255;auto-portee;Low;3 ans
19.24286768386118;0.036445458358654474;19875;660.7638043965139;827.8686293782706;167.10482498175662;auto-portee;Low;3 ans
21.973075316713818;0.04013660387512832;19924;672.7734551638476;861.6136695982636;188.840214434416;auto-portee;Low;3 ans
21.671643073503287;0.043198908530440186;20029;658.1196697628322;835.365528826494;177.24585906366184;auto-portee;Low;3 ans
32.052891250314474;0.03374267629945352;19794;636.5382652144112;810.9887181785782;174.45045296416697;auto-portee;Low;3 ans
25.38729588442882;0.03566116061020063;20091;649.5384424085223;818.9461868759222;169.40774446739982;auto-portee;Low;3 ans
21.235686716530655;0.03075075073683107;20009;680.7000082072434;872.6820606275162;191.98205242027282;auto-portee;Medium;3 ans
27.653785416756904;0.0347432425353193;19795;607.9195379218924;764.7059779313914;156.78644000949907;auto-portee;Low;3 ans
12.273670919799741;0.03226776563027485;20065;629.647540235298;779.1529039646231;149.5053637293251;auto-portee;Low;3 ans
29.78478042340845;0.038369124483250375;20188;666.6876346948691;828.1037872315381;161.41615253666913;auto-portee;Low;3 ans
15.30022241422562;0.04055232298543724;19832;748.3611550152946;915.5203768258436;167.1592218105491;auto-portee;Low;3 ans
23.00331270391191;0.03481136417983303;20044;668.4464012045573;858.0109622395167;189.5645610349594;auto-portee;Medium;3 ans
19.981183920317232;0.040958435309203185;20060;674.5790354724885;826.1928552742623;151.61381980177387;auto-portee;Low;3 ans
12.69930854242362;0.036968611677545685;19826;675.203460025952;867.3749721837081;192.17151215775607;auto-portee;Low;3 ans
37.840996130911854;0.04250288173777921;20253;636.3314547986815;812.5257513874967;176.1942965888152;auto-portee;Low;3 ans
19.87606690438115;0.0385873542375788;20213;720.4103741385176;904.3047506843083;183.89437654579072;auto-portee;Low;3 ans
10.774238984380373;0.038824198226949484;19818;635.702012268914;796.9711435527173;161.26913128380326;auto-portee;Medium;3 ans
24.636737369228587;0.03920879262239863;20134;642.36653248366;794.9032034125221;152.5366709288621;auto-portee;Low;3 ans
19.38452484405133;0.037267802561156735;19986;599.9964701308329;738.441239820653;138.44476968982002;auto-portee;Low;3 ans
16.559122491696286;0.03331710206629811;20159;765.6777005736363;919.5880208054461;153.91032023180983;auto-portee;Hight;3 ans
28.152638230590235;0.03830144364795237;20106;715.3201296499244;912.0585809063859;196.73845125646147;auto-portee;Low;3 ans
24.755280109476683;0.037176662629759064;19740;658.2843923456699;802.4809979226816;144.19660557701175;auto-portee;Low;3 ans
29.28054108793904;0.03512246643390111;19958;715.1088889921792;881.1822276423035;166.07333865012427;auto-portee;Hight;3 ans
18.59984987178158;0.03595245927623769;20030;607.8075794377223;741.1093377085671;133.30175827084474;auto-portee;Low;3 ans
23.55354003459642;0.033628915996666654;19998;648.5759409006848;814.6804842887368;166.10454338805204;auto-portee;Medium;3 ans
23.767158618143455;0.03458029191547954;19811;701.6972329904088;844.057072546291;142.35983955588222;auto-portee;Low;3 ans
29.172027919485974;0.03809614278978048;19827;636.3361505456588;776.0617738692143;139.72562332355554;auto-portee;Low;3 ans
7.432330321553127;0.03400212290451246;20136;635.5482481054642;806.4815732773587;170.93332517189458;auto-portee;Low;3 ans
22.01292227496087;0.04434127037373746;19844;656.5589688983836;817.9916897469669;161.4327208485834;auto-portee;Low;3 ans
35.441730112278876;0.038271786172945944;19822;734.0050046740192;918.5065885159565;184.5015838419373;auto-portee;Medium;3 ans
23.091405222691254;0.03289847281650387;19996;661.759807439618;855.5704028246878;193.81059538506977;auto-portee;Hight;3 ans
26.873477037909026;0.03710951427597878;19659;689.2637087742852;837.2027320557278;147.9390232814426;auto-portee;Medium;3 ans
43.55767712740308;0.09262599203445837;20118;252.5478674890569;357.7478801355329;105.200012646476;electrique;Medium;2 ans
43.197361604264515;0.08241290124208278;19971;277.22902467408414;395.8196926712423;118.59066799715816;electrique;Low;2 ans
29.044639474104596;0.07952867642350625;19904;252.26542183590166;346.7065842132142;94.44116237731257;electrique;Low;2 ans
46.409073353760014;0.08421328462529593;20011;264.58807843538546;385.2753802113737;120.68730177598825;electrique;Low;2 ans
48.151459771608145;0.11106165425844276;19861;275.65443512276147;396.6567759258866;121.00234080312514;electrique;Medium;2 ans
38.75763998797629;0.11293113490451669;19920;241.12494491591139;372.96755442222627;131.8426095063149;electrique;Low;2 ans
34.63002315181539;0.08598425288041434;19687;282.10809535324563;396.0268873890005;113.91879203575483;electrique;Low;2 ans
37.76592547619879;0.09910218464906231;19669;268.13051098870574;400.748112288885;132.6176013001793;electrique;Medium;2 ans
33.73256914001001;0.09300091610423745;19668;263.37122326622335;374.8098770461286;111.43865377990524;electrique;Low;2 ans
36.42917086101212;0.11297387764152517;20116;241.71902218087408;354.2574855867805;112.53846340590641;electrique;Low;2 ans
21.61756020227774;0.08300339666256995;19939;260.2168675206902;364.6925230976363;104.4756555769461;electrique;Low;2 ans
49.043583866163246;0.09498259754979481;19716;199.3525621210722;318.54077541255856;119.18821329148635;electrique;Low;2 ans
40.40571828636884;0.09416740001481302;19789;252.8630981439951;381.7040801678431;128.84098202384797;electrique;Hight;2 ans
52.6862546788931;0.07775548224642118;20094;310.09700013135534;395.5918488851221;85.49484875376676;electrique;Low;2 ans
36.736227337507046;0.08974052067318865;20220;260.367540840987;379.7209617270271;119.35342088604008;electrique;Low;2 ans
41.43223805275996;0.09678245263793342;19730;222.97019326118613;361.9490683225084;138.9788750613223;electrique;Low;2 ans
48.67305559787679;0.08918832051505074;19665;250.47643398727124;386.10549809787653;135.6290641106053;electrique;Low;2 ans
28.958665031043644;0.10498612196428596;19894;252.66248088643087;372.15721613807654;119.49473525164566;electrique;Hight;2 ans
35.30276470437464;0.08509956756242379;20142;277.7975022888055;403.2307255390801;125.43322325027455;electrique;Hight;2 ans
37.4456173268991;0.09923491127241033;19714;279.2656295094417;417.60051661940423;138.33488710996255;electrique;Hight;2 ans
55.59810024984786;0.09770351676452638;20192;257.3113799841136;360.6729443916545;103.3615644075409;electrique;Low;2 ans
42.12844936631126;0.0807268842855831;19754;234.67154948355468;352.3603819475047;117.68883246395004;electrique;Low;2 ans
44.78460236907221;0.09093846957801971;19695;264.5113780127276;393.1264982160985;128.61512020337094;electrique;Low;2 ans
40.0744441429383;0.0770791695128995;20190;258.00129440250936;347.9086373558484;89.90734295333903;electrique;Low;2 ans
31.5620135421436;0.09211319416364154;19938;276.2951411320354;380.7824134857315;104.48727235369613;electrique;Medium;2 ans
48.327802487597694;0.09012896551236892;20000;250.3080468644399;381.997590443392;131.68954357895214;electrique;Medium;2 ans
43.58052585348605;0.09999790322912189;20191;251.8769609648203;373.0056127904968;121.12865182567649;electrique;Medium;2 ans
30.265739541465962;0.088450521813177;19806;284.072771468944;403.9523798800948;119.8796084111508;electrique;Medium;2 ans
43.23463468104806;0.0949665406915871;19683;294.0986007119704;407.1568923950302;113.0582916830598;electrique;Hight;2 ans
31.75251761316718;0.09825692389739792;20100;294.35682531769874;400.5117288298421;106.15490351214339;electrique;Low;2 ans
43.9375045233142;0.09367202724274268;20251;267.51097323994304;395.3058095413279;127.79483630138488;electrique;Low;2 ans
28.802474230720552;0.09751021960466176;20018;261.25747365318415;358.3307683831498;97.07329472996565;electrique;Low;2 ans
55.39148023656533;0.10082580102822045;19743;286.84532662712064;377.6482771547535;90.80295052763286;electrique;Low;2 ans
29.67760636657926;0.11253478558937091;19926;230.55691682098535;362.3099818084829;131.75306498749757;electrique;Low;2 ans
35.11880793437728;0.08521705995259242;20174;280.02896576388434;405.3148734113162;125.28590764743187;electrique;Low;2 ans
32.4387880582295;0.10310824132670358;19713;238.6201732425406;353.0316996740085;114.4115264314679;electrique;Low;2 ans
37.6984269634511;0.07528152606569752;19696;279.11681779367547;398.6882281930454;119.57141039936995;electrique;Hight;2 ans
60.468516327083385;0.10690630224619622;20209;246.4150964712432;348.0323154151816;101.61721894393838;electrique;Low;2 ans
44.206060013214326;0.09492681043191205;19779;274.1130819873815;353.31154341014525;79.19846142276376;electrique;Low;2 ans
36.22065292938725;0.10249589677707355;19835;254.61477734783696;372.1814595990617;117.56668225122476;electrique;Low;2 ans
44.9837024496107;0.11078520570055224;20203;250.94241374849906;365.625496171119;114.68308242261993;electrique;Medium;2 ans
39.21105517747035;0.1011763104686664;20198;276.4943484952108;381.58586188068097;105.0915133854702;electrique;Low;2 ans
39.84171182626616;0.09746431782860472;20043;296.67890545707695;409.8292515039323;113.15034604685535;electrique;Low;2 ans
33.8370590220089;0.09528345906458792;19688;278.27611813047986;381.4866101361166;103.21049200563675;electrique;Low;2 ans
34.780928926960236;0.0881484220342293;20081;273.05786121437234;378.7496471890848;105.69178597471243;electrique;Low;2 ans
42.90534921519977;0.08768212574675525;19964;264.51059672577173;371.6459973455868;107.13540061981507;electrique;Low;2 ans
40.56744125307014;0.07862528200085786;19999;292.6907134265298;412.34174064837697;119.65102722184722;electrique;Medium;2 ans
35.685284374433465;0.09672824334800019;19769;245.253892431087;339.78981111419466;94.53591868310767;electrique;Low;2 ans
24.922516219354787;0.08761085402349854;20197;274.40233150999154;396.7948927136547;122.39256120366316;electrique;Low;2 ans
41.648905888197795;0.08959855159142718;19727;279.05148352896293;412.33802147994004;133.2865379509771;electrique;Hight;2 ans
36.97244450126314;0.07781117798510069;19908;255.83340680889367;384.5459244195431;128.71251761064943;electrique;Low;2 ans
32.26470990409102;0.09770348316095494;20141;253.46828438910063;369.23579913939915;115.76751475029852;electrique;Hight;2 ans
37.20536771172614;0.10547999397164103;20200;272.75937301722183;376.6191613196232;103.85978830240133;electrique;Low;2 ans
36.07192771305136;0.10248619396972755;20176;259.66260704319245;389.6711432806731;130.00853623748068;electrique;Low;2 ans
37.55098527524361;0.09396176274919807;19735;286.39482008538357;398.8895519702134;112.49473188482985;electrique;Medium;2 ans
54.79855096761534;0.10590425616551519;20008;244.67222328981134;349.93533193963157;105.26310864982023;electrique;Low;2 ans
28.405088007911974;0.08757589764850927;20162;266.38564943910137;401.3180197162878;134.93237027718638;electrique;Low;2 ans
36.030890627378014;0.09767797037715292;19984;263.42858790372634;372.65954029673594;109.2309523930096;electrique;Low;2 ans
57.210665972560165;0.09669005869226359;19750;237.1327893850979;356.9798788171677;119.84708943206975;electrique;Low;2 ans
39.55526257695223;0.1036032136947522;20025;250.55037919734247;359.9057688243466;109.3553896270041;electrique;Low;2 ans
51.23175551430102;0.09941417598637235;19778;258.37121417089816;387.29171259102793;128.92049842012975;electrique;Low;2 ans
42.3141003533669;0.10140922679285365;19933;246.22499824077966;362.14783768756234;115.92283944678269;electrique;Low;2 ans
51.1979676229279;0.08794680618691987;20021;278.523020249444;406.2824105401267;127.75939029068266;electrique;Medium;2 ans
46.426945537786686;0.09131990880355602;20014;262.21963270552055;383.3344653382106;121.11483263269001;electrique;Low;2 ans
47.049723976468435;0.10410897974083615;20033;300.2686666185738;403.2056664606634;102.9369998420896;electrique;Medium;2 ans
45.640048918613886;0.10051740945359744;19708;279.27174018035805;383.67702132242266;104.40528114206461;electrique;Low;2 ans
35.04201179750878;0.10354625165163793;20035;302.8588893210438;420.178529046866;117.31963972582217;electrique;Hight;2 ans
35.921496385733974;0.09748319488018121;19992;276.8298128573313;384.33830689264295;107.50849403531164;electrique;Hight;2 ans
33.15748215686685;0.11383827892274506;19913;275.96180821572483;389.01663173892143;113.05482352319659;electrique;Medium;2 ans
37.40780146095523;0.09535823140715043;20249;273.44529071069127;389.44881812100937;116.00352741031811;electrique;Hight;2 ans
49.53776072794564;0.10167058982919115;20256;278.6117576080478;406.72268976156164;128.1109321535138;electrique;Hight;2 ans
52.40972081637752;0.0833681848574522;19849;271.8846538886485;385.13881941375837;113.25416552510991;electrique;Low;2 ans
38.13384546577973;0.06956357216717957;19757;256.20775177893523;352.2293788054421;96.02162702650686;electrique;Low;2 ans
45.78221279218587;0.10519199260597528;20051;278.23760676458824;413.5732671286318;135.3356603640436;electrique;Hight;2 ans
40.355249901530556;0.0979196020045508;19796;256.33264744960957;356.11924723565727;99.78659978604773;electrique;Medium;2 ans
40.1389024124825;0.10316917797574218;20056;271.40681108660016;385.83922878678084;114.4324177001807;electrique;Low;2 ans
44.08104409507724;0.10305631288939208;20149;262.45070967955314;373.57116022851187;111.12045054895873;electrique;Low;2 ans
62.375135742069695;0.08941394476825906;19925;304.00056486460323;419.3607797586521;115.36021489404885;electrique;Hight;2 ans
43.04739205135668;0.08393463357269557;20216;271.73283001102936;382.06753676580445;110.3347067547751;electrique;Hight;2 ans
46.52596507122417;0.0912207592473203;20138;238.4697385194341;341.3597299467813;102.8899914273472;electrique;Low;2 ans
38.246935557765276;0.09406656602344868;20254;259.11477949140567;378.12364252224836;119.00886303084272;electrique;Low;2 ans
36.476728091950996;0.09718034285666097;19858;296.7621222512872;406.3809816631463;109.61885941185908;electrique;Hight;2 ans
41.818232464362495;0.09562028413239852;20050;242.08807626622416;340.23288580884963;98.14480954262548;electrique;Low;2 ans
32.717672007523795;0.09379485239276612;19919;252.69393304668785;388.4261721012806;135.73223905459275;electrique;Low;2 ans
34.849235647278334;0.09867604885791578;19786;287.301883453972;393.58341149794046;106.28152804396848;electrique;Medium;2 ans
35.318981435593756;0.09550616440585953;20143;272.0524845082849;388.66875649697397;116.61627198868908;electrique;Low;2 ans
45.759388829364624;0.09592214623763266;19667;234.81767422215478;353.0986517215269;118.28097749937211;electrique;Low;2 ans
30.10474063007663;0.09256673919677523;20127;245.2011494659823;382.35578923096733;137.15463976498503;electrique;Medium;2 ans
23.65879530209992;0.09122378889586173;19993;266.89428228158766;368.5045105748564;101.61022829326875;electrique;Hight;2 ans
35.42703743615879;0.08832702371946877;20040;242.29099506941492;349.94697516812647;107.65598009871157;electrique;Low;2 ans
39.9156815646611;0.0822390752161356;19729;273.7005126115939;396.0728750140463;122.37236240245235;electrique;Low;2 ans
38.098076748394554;0.09233185617222861;19870;244.27481615671974;364.90061484619906;120.62579868947931;electrique;Low;2 ans
45.26719793722688;0.1168073944273437;20226;294.41612713273264;404.63788374815175;110.2217566154191;electrique;Medium;2 ans
39.73040978806133;0.09061834945003798;19961;272.54706434438356;374.1976735056147;101.65060916123113;electrique;Low;2 ans
30.787675136263328;0.09589275696698563;19839;240.23255359508192;358.9032495658272;118.67069597074527;electrique;Low;2 ans
48.83698345412368;0.08550437247063757;19833;244.2195315624515;387.38917840185167;143.16964683940017;electrique;Low;2 ans
52.673574567536335;0.09834329570461453;20239;286.7330889591365;400.01952872372567;113.28643976458913;electrique;Low;2 ans
48.84965201618838;0.10678945099932055;19791;298.0350117956208;402.9054325331032;104.87042073748236;electrique;Low;2 ans
29.433435506075156;0.11497972155895989;20204;287.09596638576943;376.0838914318163;88.98792504604685;electrique;Hight;2 ans
41.78188887530435;0.0863740705417542;19852;261.0987987041708;364.0083396994196;102.90954099524876;electrique;Low;2 ans
44.11417534540418;0.09619527627960081;19856;274.9085936785689;382.82926780719913;107.92067412863024;electrique;Low;2 ans
46.57767908359127;0.10479092596430517;19660;260.3789207385277;360.2977088585431;99.91878812001539;electrique;Low;2 ans
49.11389828308916;0.10932619401485308;19979;250.31080911424036;377.9731898540043;127.66238073976396;electrique;Low;2 ans
29.43318740489325;0.11546663427816357;20222;257.16911990969487;371.21419128476373;114.04507137506884;electrique;Low;2 ans
44.74038942183282;0.10885349418718834;20173;262.16101609387937;375.875398398321;113.71438230444166;electrique;Low;2 ans
44.01670186789241;0.09202027458773832;20217;250.3628993984242;362.7924615763625;112.42956217793828;electrique;Low;2 ans
25.27002922849071;0.0999007545928267;19845;278.15230281071194;384.40324412154905;106.25094131083709;electrique;Hight;2 ans
34.61045247018467;0.11146057009114851;20225;241.04327223738022;329.0782919407371;88.03501970335684;electrique;Low;2 ans
35.99592096052166;0.09460717395226537;19848;257.42401110844327;380.40703910728325;122.98302799883999;electrique;Medium;2 ans
49.48706677295385;0.10087435509931619;20158;263.67057752000824;379.30343524061357;115.63285772060534;electrique;Low;2 ans
51.83296671478717;0.0926396152718795;20048;246.30076126752175;363.90116844821597;117.60040718069422;electrique;Low;2 ans
55.83604102777057;0.08374876144583893;19932;273.38210658918746;380.522105047765;107.13999845857758;electrique;Low;2 ans
44.28090046923121;0.10721370612531314;19834;267.76041998362433;378.6319504679727;110.87153048434836;electrique;Low;2 ans
34.43144153978542;0.0955721203973013;19733;229.63373056606764;361.90697144265386;132.27324087658621;electrique;Low;2 ans
46.222183249791804;0.10174255941112022;20234;286.92555039737465;405.06887824321774;118.14332784584307;electrique;Low;2 ans
43.42194655129406;0.08870334491771757;19720;285.51553749751156;389.2486680011775;103.73313050366599;electrique;Low;2 ans
19.116212306297864;0.09179129196636586;20103;259.25487567638504;370.03222120514226;110.77734552875722;electrique;Low;2 ans
39.58072287634605;0.10005586966393913;19879;254.15554258774694;375.617073371562;121.46153078381506;electrique;Low;2 ans
36.33253765893684;0.08747028304918547;20180;266.53193213632494;393.4400054706172;126.90807333429227;electrique;Low;2 ans
53.99746807259196;0.09879033830742665;20240;265.6019324047539;381.44012381400285;115.83819140924896;electrique;Medium;2 ans
47.815668194803656;0.09876389281644822;20053;282.86875921589007;397.6585513289394;114.78979211304933;electrique;Low;2 ans
38.829114701541975;0.10482644700273816;19878;278.8546992704972;388.344994400954;109.49029513045684;electrique;Low;2 ans
39.668266079413335;0.095068069895838;19691;257.77547142893377;363.8596081032363;106.08413667430256;electrique;Low;2 ans
42.896785948382416;0.09067826451476275;19828;274.71127790301796;416.63867313847055;141.92739523545256;electrique;Low;2 ans
46.5555299494017;0.10092481768838196;20031;230.4413326936077;338.39150102150205;107.95016832789433;electrique;Low;2 ans
30.488376435315562;0.11334002993149693;19682;310.04399871260176;421.0903423086501;111.04634359604836;electrique;Low;2 ans
34.01418392320307;0.10228620831938842;19868;255.8110082562711;368.8284012298546;113.0173929735835;electrique;Medium;2 ans
41.81178221895902;0.10579769850898507;20148;257.0760399609135;361.51357554132426;104.4375355804108;electrique;Low;2 ans
32.958906998270606;0.08569260130864714;20026;244.9433525522385;362.3896167024935;117.44626415025502;electrique;Low;2 ans
38.03836483009388;0.1074632360467774;19820;294.45216093251577;401.72426895398723;107.2721080214715;electrique;Low;2 ans
35.91069947152981;0.08456003002278951;19871;276.02430238824604;400.0688450730753;124.04454268482922;electrique;Low;2 ans
47.569968123158844;0.10982007882933932;19970;274.3633786776074;393.15094204888663;118.78756337127926;electrique;Low;2 ans
40.37519388520408;0.11609358085373472;20123;252.9213089371256;371.49560101493614;118.57429207781055;electrique;Low;2 ans
45.789251260811234;0.09770776713282521;20155;283.5758285257816;413.5894554072303;130.0136268814487;electrique;Low;2 ans
50.035099086008785;0.09746767084893394;19814;266.8155813555577;398.8700087897735;132.05442743421585;electrique;Low;2 ans
32.383894563676975;0.09337588590975203;19881;214.69212275077683;319.83657020331395;105.14444745253714;electrique;Low;2 ans
43.63466044392454;0.1050617929802593;20076;252.00760370053638;353.03347917684397;101.02587547630759;electrique;Low;2 ans
35.63612908962663;0.08325588478558595;19944;274.39733135940537;392.7720141875552;118.37468282814984;electrique;Medium;2 ans
45.36981101468158;0.06406630171616705;19994;201.50515843383343;314.6993859952139;113.19422756138047;electrique;Low;2 ans
37.58166971435581;0.0930511153243101;19876;248.88936394065934;384.2427822464225;135.35341830576317;electrique;Medium;2 ans
41.43580666174702;0.10608017881867936;20002;271.40240909949557;381.61491339196243;110.21250429246686;electrique;Low;2 ans
42.05640337800804;0.08826813904960587;20219;256.8159771961596;377.37812088513715;120.56214368897751;electrique;Low;2 ans
37.082399477644444;0.10412922419988493;20211;255.43034816939834;377.0555909032287;121.62524273383033;electrique;Medium;2 ans
38.443045335212666;0.11489866684182616;19981;279.9650196500502;396.38956325232107;116.42454360227092;electrique;Medium;2 ans
38.746954744585125;0.10608445126155168;20152;263.16384519979044;356.22368224635846;93.05983704656805;electrique;Low;2 ans
23.82705520774795;0.09172568244899643;19673;291.06997520543325;418.9617234882992;127.89174828286593;electrique;Hight;2 ans
37.788879892405774;0.09009753046856339;20201;293.3192548644747;408.24498549360544;114.92573062913074;electrique;Low;2 ans
31.717700835795647;0.10464503194584601;20015;263.03684320757947;391.4588410260401;128.42199781846062;electrique;Hight;2 ans
29.53013423773559;0.09215746264691613;20090;270.55727693094434;389.9068638747515;119.34958694380711;electrique;Medium;2 ans
38.949336108469325;0.10309439406715769;19954;297.60104194960275;418.3714761548364;120.77043420523366;electrique;Hight;2 ans
55.99387415786008;0.08522040627821123;20005;273.1477818410361;398.22833613881886;125.0805542977828;electrique;Low;2 ans
46.11239919564991;0.09852207914476631;19658;253.31082461026557;351.6416811244619;98.33085651419636;electrique;Low;2 ans
39.2923749829214;0.10594477271767275;20199;286.9171609811882;379.52158136873;92.60442038754178;electrique;Low;2 ans
30.756335162029202;0.08990816260069782;20186;264.99303032567724;369.6933182850836;104.70028795940637;electrique;Low;2 ans
41.373630110258105;0.09275075060716012;19972;245.20608559244062;384.6813215153026;139.475235922862;electrique;Low;2 ans
36.58504159233402;0.09493452435196002;19910;263.6063490252485;372.81976158874755;109.21341256349902;electrique;Low;2 ans
40.801484961253344;0.09025119747510849;20230;268.8046852471041;394.7799276403438;125.97524239323967;electrique;Hight;2 ans
41.78457139441761;0.10212897715916427;19982;250.5256768720044;373.57435320774823;123.04867633574383;electrique;Low;2 ans
36.74322769338962;0.0829098391481547;19991;214.9943783223021;340.88738721687116;125.89300889456905;electrique;Low;2 ans
27.484067767883502;0.08927507838142561;19787;290.33851194370953;383.3027756122031;92.96426366849359;electrique;Medium;2 ans
44.382745041923926;0.08518816251086947;19689;255.3944311486525;359.27602973562404;103.88159858697153;electrique;Low;2 ans
39.91411036058511;0.09655296503931608;20001;235.4256142667835;353.48606580209656;118.06045153531305;electrique;Low;2 ans
26.688969203921918;0.0904441912756413;19805;227.9543405035542;362.8902953159945;134.9359548124403;electrique;Low;2 ans
28.466938610992436;0.11029252653730749;20193;240.00628016749832;362.517709615596;122.51142944809769;electrique;Low;2 ans
50.125510603886944;0.10488793265322544;19707;234.49492328926624;355.90495686583864;121.4100335765724;electrique;Low;2 ans
33.19869636453093;0.10837612500163916;20082;250.26028923036966;370.00296057946724;119.74267134909759;electrique;Low;2 ans
28.04470815047216;0.10373239121455059;19672;260.5799779333974;355.5126590701031;94.93268113670568;electrique;Low;2 ans
47.88954136157434;0.09363187474655256;19664;222.9096561584171;337.44061771947815;114.53096156106105;electrique;Low;2 ans
39.648426680003325;0.08821742583399975;20208;292.76825938349924;384.4825717584029;91.71431237490367;electrique;Low;2 ans
34.802550075410224;0.09387797919654041;19810;262.6940745262412;370.07673566430697;107.38266113806579;electrique;Low;2 ans
31.827561937533797;0.09864321606453752;20169;250.40564673381806;349.33714947154084;98.93150273772278;electrique;Low;2 ans
50.29004435144191;0.08297229737989167;20218;269.6784232496317;400.20566062714863;130.52723737751697;electrique;Medium;2 ans
29.10819798046032;0.09474985213885843;20045;240.24069994468437;346.5578768443291;106.31717689964474;electrique;Low;2 ans
25.887462655037382;0.08952326988936815;19775;261.5430969991361;370.0037031626934;108.46060616355733;electrique;Hight;2 ans
50.693562551982545;0.09708104246550224;20101;243.29569535580362;358.2798173012429;114.98412194543926;electrique;Medium;2 ans
47.763361634948254;0.07575731718987004;19997;272.8257457281287;417.90203134537086;145.07628561724215;electrique;Medium;2 ans
30.774350487692672;0.09751476050627343;19853;264.81648706374483;371.70168475233913;106.8851976885943;electrique;Medium;2 ans
47.57926619398436;0.11617294242823065;19840;246.2504536832444;387.79628469494463;141.54583101170024;electrique;Low;2 ans
44.3606432340172;0.097594818813994;20125;296.3085155613184;407.35966304708955;111.05114748577115;electrique;Low;2 ans
42.62690506501679;0.10330283241800577;20187;254.49455838555122;357.83810503902345;103.34354665347223;electrique;Low;2 ans
51.49940487324516;0.10064979766327024;20178;245.51120383247456;362.5013529255897;116.99014909311514;electrique;Low;2 ans
38.29835664586395;0.10798741522370928;19816;287.46103435911516;415.6183428622438;128.15730850312866;electrique;Medium;2 ans
56.17181072173125;0.07971255537114835;19684;296.291581829693;403.86694577136944;107.57536394167644;electrique;Low;2 ans
25.92291756031061;0.10773477474479225;20073;293.3658655644216;400.36422974138526;106.99836417696366;electrique;Low;2 ans
33.890900261131826;0.09593839117480434;19903;222.66448670152886;351.8748836550253;129.21039695349646;electrique;Low;2 ans
67.03032072442151;0.24948110663694556;20171;53.401612090562715;64.63590630249685;11.234294211934136;essence;Medium;1 an
45.063751320092415;0.20738789256379916;20061;62.77191953679315;75.00695017479927;12.23503063800612;essence;Low;1 an
78.25157478500894;0.2661990851830627;19873;69.05661170883464;82.95132003553506;13.89470832670043;essence;Hight;1 an
64.01483759061834;0.2374582905200055;20168;62.36559008871698;73.18460450889503;10.819014420178055;essence;Low;1 an
54.187417835622476;0.21817413457219814;19748;58.5558162237682;71.20438068384769;12.64856446007949;essence;Medium;1 an
86.19361136377229;0.22383889845988109;19823;63.965054240076725;73.89088693605349;9.92583269597677;essence;Medium;1 an
68.60982049447934;0.23888748942301558;19965;57.66977450261236;69.07204856947958;11.402274066867214;essence;Low;1 an
68.41619669099039;0.2616528540144506;19953;60.09810018297611;72.56446949860056;12.466369315624444;essence;Low;1 an
40.94607390248037;0.16818328747820846;19836;66.83456608486671;76.60378855643069;9.769222471563973;essence;Low;1 an
50.653006596146085;0.21819016937425928;19884;69.37716687643517;81.11445725163027;11.737290375195101;essence;Medium;1 an
75.43789609742542;0.2255759068939683;19911;66.21098220724424;78.46077638112374;12.24979417387949;essence;Hight;1 an
62.483169912415235;0.19881188037564468;20054;66.27516129647152;77.85498377349782;11.5798224770263;essence;Low;1 an
58.035865392218824;0.20224555479474424;19815;53.18378921124619;63.96920394839273;10.785414737146537;essence;Low;1 an
53.221851498908634;0.176054151091655;19883;63.814849505520826;76.69096276290423;12.876113257383409;essence;Hight;1 an
49.24501163238423;0.21266425806822817;19792;62.86642977618516;72.68933225155173;9.822902475366574;essence;Medium;1 an
64.00864908515547;0.23726058447289458;20185;62.23202816695975;74.11472851167272;11.882700344712974;essence;Hight;1 an
61.240738145247974;0.211469752481172;19768;69.78929762216762;80.24423594863255;10.454938326464926;essence;Low;1 an
66.46013336858223;0.21974557828522678;19741;65.19189186134976;78.98212268788787;13.790230826538101;essence;Medium;1 an
45.83101614604981;0.24898936771855118;20165;62.074114143310304;72.41533028733143;10.341216144021127;essence;Low;1 an
59.55743450087683;0.20039061306730255;19880;62.75732934645368;73.33256244716968;10.575233100715998;essence;Low;1 an
66.22486004097311;0.24477082697606833;19854;63.16091685618788;74.7310025951715;11.570085738983618;essence;Low;1 an
71.72954683132052;0.22249655973516227;19671;63.7446986730026;73.45225626362344;9.707557590620837;essence;Low;1 an
59.55541916205972;0.230892229018256;19674;65.55148158200173;76.06324073897112;10.511759156969385;essence;Low;1 an
48.919469601007386;0.23325657854278176;20039;64.32261773961952;78.18925545610642;13.86663771648691;essence;Low;1 an
78.1305656184428;0.2707657943043082;20130;62.482887135351454;71.57153886216524;9.088651726813787;essence;Low;1 an
55.08518788998566;0.25167974732609216;20206;65.96066611979458;75.79355987385235;9.832893754057764;essence;Low;1 an
61.30446683127513;0.2109175462942373;19867;63.71019347985214;75.358465287733;11.648271807880864;essence;Medium;1 an
49.893340453202335;0.21354648060057851;19895;61.75022380320548;74.03013772980387;12.279913926598391;essence;Low;1 an
76.23975290699737;0.23512448817537435;20084;64.34197919766927;75.92704632126762;11.585067123598357;essence;Low;1 an
67.61768169992617;0.22342556776946015;19817;65.72613637058836;74.47225556990631;8.746119199317953;essence;Low;1 an
53.59430101811968;0.2442146277129278;19857;64.5641368385033;75.2290855967145;10.664948758211192;essence;Low;1 an
66.55680617861115;0.23408349239634024;19777;55.54455145629552;66.30318793755234;10.758636481256818;essence;Low;1 an
39.28161748565503;0.22569940753443993;19703;62.59854062604413;73.49974280381572;10.901202177771594;essence;Low;1 an
46.787065979761095;0.23991827693717924;19722;60.57014540499843;73.99393262692824;13.42378722192981;essence;Low;1 an
59.61940777110441;0.23055772026104523;20252;65.54149311729128;75.59132288858824;10.049829771296949;essence;Low;1 an
39.16831414391703;0.23361551947273065;19874;59.82710595011052;70.55353231903558;10.726426368925063;essence;Low;1 an
51.36825225231793;0.20080832513822802;19739;62.22492909652412;72.30124238618723;10.076313289663107;essence;Medium;1 an
57.20735897594253;0.18986974016749783;20166;69.78004050282438;81.87395490299775;12.093914400173372;essence;Hight;1 an
47.43194754445944;0.21124491538854379;19782;57.29836808130434;67.84158490059461;10.543216819290274;essence;Low;1 an
64.11150049843867;0.22461338669509934;19692;62.46361490531746;72.57586641240304;10.112251507085583;essence;Low;1 an
79.3480695379897;0.25976131597046187;19847;63.33091553699419;72.64894322493302;9.318027687938828;essence;Low;1 an
55.82259068192016;0.22304321304814603;19950;68.4003283589901;79.88884670703172;11.488518348041623;essence;Medium;1 an
51.11041745979358;0.20894204746701334;19675;55.809977481764335;65.73378160988156;9.923804128117228;essence;Low;1 an
69.94047991321308;0.21226898201376665;20020;61.88390554201905;71.45012558996625;9.566220047947196;essence;Low;1 an
58.28702848520791;0.21954313265058298;19661;63.002867810122574;75.86625635176611;12.86338854164354;essence;Medium;1 an
47.700410928157375;0.2117757580682943;20227;61.54151729352277;72.45438557519778;10.912868281675001;essence;Low;1 an
59.07795690654992;0.2414322440898155;19726;64.11223490713903;76.09982328306306;11.987588375924028;essence;Medium;1 an
46.62184796894016;0.2616813346539357;19855;57.37325456714517;66.94869528505653;9.575440717911361;essence;Medium;1 an
56.567385141640976;0.20994149742379034;20003;65.96069922547012;76.80194471285832;10.84124548738819;essence;Low;1 an
47.83842634286847;0.22208839863072527;20135;61.25405741323941;73.4816954656472;12.227638052407794;essence;Low;1 an
87.14291199736435;0.20572717582586678;19751;63.19299121936903;77.7522525350152;14.559261315646177;essence;Low;1 an
58.65180025425575;0.2339124845760121;19956;56.450015701289054;68.0896345713658;11.63961887007675;essence;Low;1 an
72.40914246286827;0.19266845765692692;19862;61.64473972074593;73.56725110087719;11.922511380131255;essence;Medium;1 an
35.32311958618635;0.2462819164993625;19947;58.51353813796382;70.20027513398618;11.686736996022358;essence;Low;1 an
49.77560308703869;0.20158079371829174;19728;56.41971970566547;67.50322868321726;11.08350897755179;essence;Low;1 an
53.38668099853549;0.22631189468090368;20096;66.08325186448283;77.01143330184897;10.928181437366135;essence;Low;1 an
65.31264051283864;0.23030029861065987;19734;66.230084819723;77.03174412285466;10.801659303131654;essence;Medium;1 an
51.655980580687206;0.22275627065554782;20062;60.98034795989378;71.05321801394045;10.072870054046671;essence;Low;1 an
44.053867594858595;0.22179763589446666;20113;59.290399291645095;70.12092136859694;10.830522076951844;essence;Low;1 an
44.69911666061433;0.20908221984791428;19765;64.20537036998576;75.3947402979269;11.189369927941142;essence;Low;1 an
50.12892007200122;0.17613273671273427;19662;68.40512112322304;80.11028145902593;11.705160335802894;essence;Medium;1 an
50.80785405141691;0.2126169553079165;20131;63.12804345964334;74.0583990633228;10.93035560367946;essence;Low;1 an
52.534684849241124;0.2115668010153959;19975;60.62523272107471;71.34003319752586;10.714800476451144;essence;Low;1 an
70.59063358596603;0.24272360274467497;19941;61.36707533350098;73.1747433392991;11.807668005798117;essence;Low;1 an
62.95587440297577;0.25011635858926085;20074;63.0631314482394;73.69434471086889;10.631213262629487;essence;Low;1 an
49.7474892942296;0.1864518479462369;20147;67.42620068630913;80.20909788237195;12.78289719606282;essence;Hight;1 an
66.11090034566752;0.23507686438436326;20105;62.441031691486515;73.3359420632329;10.89491037174639;essence;Medium;1 an
60.78622216861334;0.20050389445985659;19731;63.41513243631417;74.71320346082372;11.29807102450955;essence;Low;1 an
56.99100238905644;0.2063024736529764;20132;58.968748438922184;71.41646141085688;12.4477129719347;essence;Hight;1 an
40.58453608717819;0.21082653076599184;20042;56.227129306853314;68.02867377191882;11.801544465065504;essence;Low;1 an
67.57987515767988;0.22828096533147152;19797;66.21408560360939;79.76008083721891;13.54599523360951;essence;Hight;1 an
64.23054490295502;0.23057261966003262;20068;64.81265847787077;75.03142128364154;10.218762805770758;essence;Low;1 an
60.344506570744066;0.1975608448846278;20257;62.5653797274418;73.24244327476463;10.677063547322824;essence;Medium;1 an
46.85016546719504;0.2338828799041895;20112;67.56083125989112;79.11393076771475;11.553099507823637;essence;Hight;1 an
71.08462379655248;0.21015641649250566;20063;66.6604970996178;76.59653829690383;9.93604119728603;essence;Low;1 an
58.91873912998028;0.24562600352073138;20077;58.46368867727812;68.03331952970873;9.569630852430615;essence;Medium;1 an
50.32486444552474;0.20573027089502993;19863;71.90377885703344;82.70690345941331;10.803124602379865;essence;Hight;1 an
52.63781308490776;0.20306235480499601;20088;63.178034718528274;74.75367951026655;11.575644791738275;essence;Medium;1 an
59.50850392700972;0.2523603230032029;19980;57.352947267876196;68.3630714314436;11.010124163567406;essence;Low;1 an
65.58155915556225;0.22804880691543836;19685;64.95652385386606;77.00236536307685;12.045841509210783;essence;Low;1 an
65.18462268366413;0.1867828512341495;20202;68.3115628320823;78.89246601571914;10.580903183636838;essence;Low;1 an
68.69105608790487;0.2440052951373438;20126;58.91585555367603;69.79272410717614;10.87686855350011;essence;Low;1 an
39.451850894928064;0.23960015780422894;19988;60.7378504964202;71.43238200389291;10.694531507472712;essence;Medium;1 an
69.79834280478839;0.22637584102624686;19821;70.44311872265652;84.41609331538898;13.972974592732452;essence;Hight;1 an
61.23454060171372;0.21901098341334096;20083;57.90235640285063;68.80128733069962;10.89893092784899;essence;Medium;1 an
62.37145693508436;0.2048544232807785;19934;63.766948100270696;76.312857631784;12.545909531513301;essence;Low;1 an
58.51552549854073;0.1961410081548137;20057;64.29680966947203;76.2509498334442;11.954140163972173;essence;Hight;1 an
77.59817391126387;0.20497136932006502;20007;62.007075166182865;73.03701954522221;11.029944379039344;essence;Hight;1 an
64.69559645393963;0.20840293799634457;20214;67.48994164904344;79.2507603617614;11.760818712717953;essence;Low;1 an
63.800218750198226;0.2618855428506006;19770;60.576796368814435;71.33642864569137;10.759632276876937;essence;Low;1 an
59.60165401659834;0.21287846499403318;19892;60.90022587140795;72.3595639968209;11.45933812541295;essence;Low;1 an
68.89781364085223;0.22331319088133397;19831;71.16510136051149;82.36869085477437;11.203589494262888;essence;Hight;1 an
59.700665513655295;0.2270325275595877;19968;65.28150018412272;75.47808236470264;10.196582180579922;essence;Low;1 an
54.42605951604861;0.23763655860935848;20184;58.72423057620772;71.94180648708121;13.217575910873496;essence;Low;1 an
61.19558575160393;0.20484838355194349;20097;69.81302585009058;80.67755684549735;10.864530995406769;essence;Medium;1 an
86.03277560721642;0.22889551047079287;19698;61.4611190507623;73.37799430914598;11.916875258383675;essence;Low;1 an
49.83384511037285;0.20421206284459753;20144;59.321168502604905;71.36577430823061;12.04460580562571;essence;Hight;1 an
60.475636789695166;0.1994788031460445;20247;62.7063373426794;73.60513946883987;10.898802126160469;essence;Low;1 an
45.34077898553903;0.23475217071256615;20104;65.48533549397024;80.82764504071258;15.342309546742339;essence;Low;1 an
74.55509880336707;0.23482216025604535;19736;69.02606020774687;82.09719485063134;13.071134642884466;essence;Medium;1 an
46.188735000060646;0.1874921387304139;19943;62.95414413484945;71.23623616151191;8.28209202666246;essence;Low;1 an
67.08392839948011;0.26035399399533893;19709;67.43193192381814;75.43468872592891;8.002756802110767;essence;Low;1 an
54.685245893660785;0.22868830944413682;20080;63.280373298661885;73.27199217928003;9.991618880618152;essence;Hight;1 an
62.51777785808452;0.23832536586856645;19799;61.40989518627494;72.4375774280749;11.027682241799967;essence;Low;1 an
72.206550170052;0.20536984962532928;20145;62.52208538146641;72.33547919408092;9.813393812614503;essence;Low;1 an
55.514505258204885;0.2228507598005138;19929;62.056145403525676;74.69830272725059;12.642157323724915;essence;Medium;1 an
68.80180169525696;0.21690733863393352;20085;59.536184131222804;70.60845552330314;11.07227139208033;essence;Medium;1 an
64.45407018078984;0.2124756303704333;20109;59.19768791312789;69.17848941707852;9.980801503950627;essence;Low;1 an
74.5628914207464;0.22105061503092543;19955;62.93536440297346;72.26498142100031;9.329617018026854;essence;Low;1 an
50.16447107123071;0.2108053317280278;19945;65.32316891698079;76.75758725396123;11.434418336980439;essence;Medium;1 an
52.3815281406092;0.2211890142095671;20248;59.89140808937058;70.43388837466198;10.542480285291397;essence;Low;1 an
65.77772672707995;0.2353429459457979;20119;63.71708044662576;76.0750421135561;12.357961666930334;essence;Low;1 an
48.073311985796586;0.24855211783854375;19983;62.490294933700554;72.75678792216085;10.2664929884603;essence;Medium;1 an
58.65802863454116;0.18633974451823776;20181;60.38471548495032;71.19252293028352;10.807807445333198;essence;Low;1 an
46.010146099975266;0.22836123219592136;19677;64.92078965381991;75.91257321331393;10.99178355949402;essence;Medium;1 an
56.852437908489016;0.18184637759240804;20224;65.07551950114939;77.97426352007818;12.898744018928799;essence;Medium;1 an
72.91689237046349;0.265860895619086;19732;68.03139328938154;79.7326519482813;11.701258658899764;essence;Low;1 an
65.39686435008048;0.2128744662821774;19838;57.84835083555299;69.99712847207823;12.148777636525235;essence;Low;1 an
58.155077324399;0.2145181805140485;19899;62.78036832595162;73.46415329488121;10.683784968929592;essence;Low;1 an
42.71456271850882;0.23862274489821467;20099;59.5873889250044;68.31569006857148;8.728301143567089;essence;Low;1 an
60.11188643576355;0.232622050056393;19966;69.46579678027561;78.52834582537916;9.062549045103546;essence;Hight;1 an
70.53193618279174;0.24318325010041772;19807;67.23561408882513;77.69524718272352;10.459633093898393;essence;Medium;1 an
73.93088966308221;0.24176635981998612;20128;58.93875350571301;71.34930526139301;12.41055175568;essence;Low;1 an
50.17702788745595;0.2125997146744678;19885;75.91754847159955;89.26599967988534;13.3484512082858;essence;Hight;1 an
55.67491297852128;0.24561913963066082;20196;57.97190610277219;68.64622010041226;10.674313997640079;essence;Low;1 an
64.20722162885633;0.21069804140139453;19809;69.57645234781249;82.51920337949379;12.9427510316813;essence;Hight;1 an
79.65034156046282;0.2199120604760584;19721;57.77313582455677;66.75220753359145;8.979071709034676;essence;Low;1 an
46.29887382819002;0.22345110612457647;19973;62.68264572432631;74.45757999678437;11.77493427245806;essence;Low;1 an
52.988354957716695;0.27252019959067564;20228;62.96669034532009;72.09131674007021;9.12462639475012;essence;Medium;1 an
49.22130255042221;0.21327757412703072;20066;57.41061782104776;69.36600373519104;11.955385914143283;essence;Medium;1 an
58.933261192808395;0.21714953697971712;19705;58.41201149025067;69.99043037701746;11.578418886766793;essence;Low;1 an
55.04040043694972;0.2150186983043177;19681;59.95003663125321;72.29488073931671;12.344844108063494;essence;Medium;1 an
52.624630194448066;0.1985452193101899;19781;67.54865369764087;77.71886599318357;10.1702122955427;essence;Hight;1 an
52.6507031349347;0.2048123191524384;19790;63.830842705117924;72.60754941506923;8.776706709951306;essence;Low;1 an
53.95014468304825;0.21708401480668763;20154;64.13995908859559;74.6982644512063;10.558305362610717;essence;Low;1 an
65.7775897268002;0.20445905677489487;19723;61.7631789334353;73.1378433396853;11.374664406250007;essence;Low;1 an
62.30243848684584;0.2188502584549438;19987;60.35248035035889;71.46519010917685;11.112709758817955;essence;Low;1 an
47.92349962019476;0.20600541208657505;20194;68.6659148772079;81.42774721816771;12.76183234095981;essence;Hight;1 an
51.83623632999517;0.26076575112029243;19690;63.383521881437645;75.31562546728878;11.932103585851136;essence;Hight;1 an
53.53850926387882;0.22052794134033174;19710;63.70795443829122;74.91337247722986;11.205418038938639;essence;Low;1 an
69.48964597070106;0.22710396844320135;20133;59.94065029464985;69.9807803594352;10.040130064785354;essence;Low;1 an
57.76637923920557;0.24459314826980477;19914;64.23365789120476;75.49874738644698;11.265089495242224;essence;Low;1 an
56.00633534971129;0.2239673649618338;19804;61.73026012653544;75.0882484526635;13.35798832612807;essence;Low;1 an
54.72973233840495;0.20623345464064857;19744;65.8111087013005;76.92798755582423;11.116878854523728;essence;Low;1 an
54.26605250439855;0.25657973987367466;19846;57.26511979890985;67.84894025606506;10.583820457155216;essence;Low;1 an
50.24001975027094;0.21005907925374218;20195;61.05944788892122;72.38605380790307;11.326605918981848;essence;Low;1 an
56.83511807072987;0.229988727152072;19905;63.36953976496915;73.54084387723037;10.171304112261227;essence;Low;1 an
56.50417263169789;0.25287286251450886;19946;65.59270455178284;76.69516572214437;11.102461170361527;essence;Hight;1 an
76.15405127772705;0.23698108437666227;19923;69.80397691449163;80.23660671865004;10.432629804158415;essence;Low;1 an
46.195669919319315;0.2213297182041806;20075;56.48561574979802;68.24541371789718;11.759797968099159;essence;Low;1 an
56.33671228487865;0.220122455058246;20164;64.35753706099104;76.73684472515984;12.3793076641688;essence;Medium;1 an
58.44743524527945;0.2347085247445699;20095;69.94069353267001;80.94531572473613;11.004622192066122;essence;Hight;1 an
71.64565917312544;0.21027625739063632;20179;60.74462492404133;70.21143079729482;9.466805873253488;essence;Low;1 an
77.83005416577893;0.2201793493429342;19851;58.45572167448214;70.0077468108465;11.552025136364357;essence;Low;1 an
65.45300717088367;0.19964275549850183;19962;66.97036658268021;77.83126266386908;10.860896081188875;essence;Hight;1 an
73.62269216936427;0.24149324468991532;19756;67.44745179246848;79.31219713086554;11.864745338397054;essence;Medium;1 an
69.13005544793113;0.21494585575937644;20070;61.9147978542797;73.26061497198577;11.345817117706073;essence;Low;1 an
66.26194571299777;0.21206823879994915;20212;61.28393072304472;72.46433140357824;11.180400680533527;essence;Low;1 an
66.08632393892292;0.20505101687967503;19985;65.09508485984747;78.92165237707319;13.826567517225717;essence;Low;1 an
56.88652670200174;0.2021459976515931;19784;64.24175022589799;74.46812649265257;10.226376266754581;essence;Low;1 an
64.9504166219075;0.22368351255966912;20223;66.55237110474515;79.40897535358486;12.856604248839716;essence;Medium;1 an
49.47434138992432;0.2124480256247393;19776;58.90457934741747;69.20043975645595;10.295860409038479;essence;Low;1 an
62.36365052553626;0.22971803335614638;20229;63.34250659928599;74.65399522764002;11.311488628354034;essence;Medium;1 an
59.49960913194571;0.250005160623939;19767;61.45009504103084;74.69204006481105;13.241945023780213;essence;Low;1 an
56.79389662356823;0.1897253273553896;19937;66.07447939637409;75.07418433685022;8.999704940476134;essence;Low;1 an
50.71546749862682;0.20327945153597193;20079;63.29749423081475;75.25710235576179;11.95960812494704;essence;Medium;1 an
46.25239625318244;0.22491547434755244;19850;68.51606921221219;78.575196893339;10.059127681126805;essence;Medium;1 an
49.06670080433948;0.2299003518024476;20023;61.21442256987546;71.80816151200496;10.593738942129498;essence;Low;1 an
38.20393148040477;0.23232985776490273;20102;64.35260850757655;76.04312253055933;11.690514022982786;essence;Low;1 an
69.18044717189412;0.21674291656032324;20114;59.21660005213124;72.63224840715398;13.415648355022737;essence;Low;1 an
76.80765206185657;0.26644633493089465;20006;59.253788004689525;70.09577409175714;10.841986087067609;essence;Hight;1 an
61.000452230183754;0.21632826323262005;19841;68.73912722597026;81.20404268333375;12.464915457363492;essence;Low;1 an
87.39839572351478;0.1731693278840472;19711;59.70130841665154;70.64209264152504;10.940784224873498;essence;Low;1 an
52.267940435374264;0.22618751903333065;19976;62.665956191986666;74.40193263297945;11.735976440992784;essence;Low;1 an
77.6530744252646;0.2089292262079234;20052;65.86594071672548;78.81444941515313;12.948508698427654;essence;Medium;1 an
63.81599962059931;0.2556653437105625;20167;64.74450916615298;75.86638959931778;11.121880433164808;essence;Low;1 an
48.515646173996146;0.2377738259605426;19801;60.87526721161111;73.37910926605373;12.50384205444262;essence;Low;1 an
52.15340875173241;0.25195586677338866;20078;63.729468274725384;73.57282934336062;9.843361068635238;essence;Medium;1 an
67.07789344837398;0.23742603525157352;19942;66.38721214429864;77.06446379324412;10.67725164894547;essence;Medium;1 an
61.23628645986352;0.24920293014303208;19930;61.939339161687954;73.8449756469989;11.90563648531095;essence;Low;1 an
64.07224676586206;0.23655921917798392;19907;59.20762363770678;70.58087894687348;11.373255309166701;essence;Low;1 an
68.18970943006032;0.2302096613518904;20151;56.771228861040626;67.43655878447603;10.665329923435404;essence;Low;1 an
69.64577301696573;0.21732020515801917;19957;65.34653851424545;75.49121554106871;10.144677026823254;essence;Low;1 an
65.56391346713927;0.23939104823633828;19960;63.1884557467494;75.23390583812471;12.045450091375313;essence;Low;1 an
43.804145717722804;0.22370713551544424;19745;64.99966059095773;75.82871943723256;10.829058846274831;essence;Low;1 an
60.89592429959395;0.23283282860353882;20146;65.25092893764011;77.06793627963837;11.817007341998256;essence;Low;1 an
69.69571973147688;0.23592383590020438;20172;68.49337568202147;79.94577885997265;11.452403177951183;essence;Medium;1 an
60.58336514302493;0.23142531541720457;20115;66.66467794658817;76.41132905675201;9.746651110163839;essence;Low;1 an
69.30756257185611;0.20255687480534834;19693;57.57838232823734;68.99700004274443;11.418617714507095;essence;Low;1 an
50.382837875283094;0.22307709317185162;19780;59.24346653627872;71.32122951337745;12.077762977098729;essence;Low;1 an
65.73652743396067;0.25276896797507964;20041;61.25456235056244;70.8203413645694;9.56577901400696;essence;Low;1 an
61.45745145179011;0.2373049917264835;19837;61.51137897956631;74.08145448656934;12.570075507003034;essence;Hight;1 an
58.563822058145526;0.2806459573946942;19886;63.636312265046165;75.79885665705245;12.16254439200629;essence;Low;1 an
54.89966556188411;0.2537046475765094;20004;61.69094950976619;72.18094776227923;10.489998252513038;essence;Low;1 an
54.66719907709718;0.1841559626168381;19773;66.31865877846879;76.74302822004672;10.424369441577943;essence;Low;1 an
71.8801537757941;0.27502737432146646;20156;59.99215526390257;70.21085846448682;10.218703200584253;essence;Medium;1 an
43.98653123777543;0.24014309396423889;19882;65.89126757545435;76.7847941657823;10.893526590327948;essence;Medium;1 an
69.96965425509767;0.2313238864142113;20161;64.99161589346062;77.86121601966154;12.869600126200917;essence;Hight;1 an
62.86588778025075;0.24948752724420467;20064;63.189420384587535;73.83759760266916;10.64817721808163;essence;Low;1 an
52.895313719102106;0.236444996416276;19978;65.79628363409921;75.65354163407069;9.857257999971479;essence;Medium;1 an
62.909413705103255;0.237511512934065;20137;56.39610318109166;68.31273653359558;11.916633352503922;essence;Medium;1 an
60.36364413286532;0.22031444649448853;19824;63.21081129022923;73.72692012082742;10.516108830598188;essence;Low;1 an
76.55874547041446;0.18820173556298947;19906;64.65579494804219;73.8143427288139;9.158547780771714;essence;Low;1 an
67.56988580796812;0.19321261165420692;20205;70.5924230611068;84.21204501483214;13.619621953725337;essence;Low;1 an
47.83392353544307;0.23301630150239272;20177;55.56985201264583;65.61109429119352;10.041242278547694;essence;Low;1 an
56.542300863847174;0.2046019722739414;20242;69.30819487854329;84.31683204679094;15.008637168247644;essence;Low;1 an
48.82133456882685;0.21090033600859762;19678;65.5971708523882;76.78434807121162;11.187177218823418;essence;Low;1 an
60.45247271374781;0.23143297863729503;19977;57.50530951332171;68.80841332586796;11.303103812546247;essence;Low;1 an
57.72377767468048;0.2132583996930803;20019;62.904603444014825;73.70920762907424;10.804604185059418;essence;Low;1 an
61.262874358527185;0.24502889429593797;19940;58.40054335644096;69.76318525156361;11.362641895122646;essence;Low;1 an
39.25404910488269;0.1908247347530004;20032;63.680237242635414;74.69157084028515;11.011333597649736;essence;Low;1 an
75.01979535104155;0.21507909934050645;20017;66.55294524711096;78.5141912487853;11.96124600167434;essence;Low;1 an
59.143255975971286;0.2231550744903112;19901;60.4186049808054;69.39922244296586;8.980617462160463;essence;Low;1 an
72.14725445256985;0.2092900111953556;19761;65.67744258688589;78.37517523326123;12.69773264637534;essence;Low;1 an
54.57930038777332;0.2374138046858682;20087;64.3521774478965;75.94779887634871;11.595621428452214;essence;Low;1 an
78.88091930244669;0.26083356798334584;19948;65.42283662538287;76.99669035839635;11.573853733013479;essence;Medium;1 an
49.09847068576148;0.22744322075894813;20122;62.38479738779805;72.00524881245461;9.620451424656556;essence;Medium;1 an
70.74246397504278;0.20959347933053446;19829;55.47822473870843;67.80728064254826;12.329055903839837;essence;Low;1 an
56.48581369923228;0.19241749665203087;19725;61.61877146456044;73.67374629455445;12.054974829994011;essence;Low;1 an
59.25485818368828;0.21351648212722998;19922;66.24150201564633;75.50537510708766;9.263873091441328;essence;Low;1 an
56.10975026711106;0.23514855898971004;19800;71.37484288924938;85.01749350988523;13.64265062063585;essence;Hight;1 an
63.872591602559;0.2320751577819533;20013;65.90051171805513;76.9973566417222;11.096844923667081;essence;Low;1 an
47.7156870134966;0.20993244456322943;20182;65.0764456131772;74.80807104678239;9.731625433605188;essence;Hight;1 an
52.50532843683813;0.27891221046099185;20037;57.13393129908928;69.85002335805386;12.716092058964582;essence;Medium;1 an
40.88214738108233;0.21178356778258126;20055;60.8080555204465;70.83532042755624;10.027264907109736;essence;Low;1 an
63.95399962330363;0.1881866004118869;20089;68.10110328447362;80.93656187126818;12.83545858679456;essence;Low;1 an
55.432256361752714;0.22287271812832649;19900;57.40549004040268;69.85189421161375;12.44640417121107;essence;Low;1 an
73.96153679409562;0.2347702702107915;20243;69.13562309697106;82.04846482918843;12.912841732217368;essence;Low;1 an
60.222376173929746;0.20797293776996534;19813;61.986338976135194;71.83490083441713;9.848561858281935;essence;Low;1 an
70.6837108016423;0.2406345207920517;19918;62.350270550169824;73.5284737877573;11.178203237587486;essence;Low;1 an
56.671452781827455;0.22825984831508092;19712;59.97254703151136;70.91027858927083;10.937731557759468;essence;Medium;1 an
66.28760210533845;0.21195943120902797;20241;66.01192994136578;76.66220724945507;10.65027730808929;essence;Low;1 an
71.58427830824735;0.20825833175294697;20244;61.5013380432384;72.88215875433431;11.380820711095913;essence;Hight;1 an
67.55951463067932;0.22648585701541576;19843;57.38904036625879;70.62679311892659;13.237752752667795;essence;Low;1 an
61.129000981619825;0.19151085653343897;19785;64.99441078969338;75.71684802681814;10.722437237124769;essence;Low;1 an
88.68066976663347;0.2078328548259129;20093;67.1913575000722;79.80995783381194;12.618600333739735;essence;Low;1 an
60.918046385196135;0.25970495932263876;19680;68.54249246475261;79.93874654349705;11.396254078744436;essence;Low;1 an
52.83693438311172;0.2473474773760281;19676;59.07354805211168;69.2307701543033;10.157222102191618;essence;Low;1 an
33.3157904431821;0.20141505768921605;19764;62.36117041862167;75.57277049419825;13.211600075576587;essence;Hight;1 an
83.63428032017435;0.24144304916784112;20059;58.345279405245435;67.59849757061902;9.253218165373585;essence;Low;1 an
51.95159987658048;0.2075846007291945;20157;60.454865330775995;70.44317177036335;9.988306439587353;essence;Low;1 an
92.66666563998244;0.19970491232341137;19989;59.24503673823506;70.95739927668845;11.712362538453391;essence;Low;1 an
53.3630935426121;0.2164585110479063;19902;60.43776852751953;70.8619841576668;10.424215630147266;essence;Hight;1 an
42.52356650743556;0.2069028738569611;20110;59.44431212493123;70.74029931176541;11.29598718683418;essence;Low;1 an
65.10175845380638;0.2256112724037031;19719;62.24564014025779;74.27420930735924;12.028569167101455;essence;Medium;1 an
55.792572846152865;0.16789232214636296;20067;64.38159998666477;76.61136123985115;12.229761253186382;essence;Low;1 an
48.90670729824063;0.21486451814157723;19866;62.304924408262764;72.10211241517615;9.797188006913384;essence;Low;1 an
69.81901741810378;0.2407011420051431;20016;59.757490183669944;70.91444828338142;11.156958099711472;essence;Low;1 an
43.96026761391658;0.21598661001714367;19752;56.96819317391841;67.89923171419105;10.93103854027264;essence;Low;1 an
57.99346601059138;0.19587499788811455;20117;68.08024471780232;80.86813378939136;12.787889071589056;essence;Medium;1 an
81.0495582997775;0.22421463865096206;20069;61.37917061265948;71.20828124039981;9.829110627740334;essence;Low;1 an
45.59199880140775;0.2120242101730984;19891;64.12725908921239;74.46915628425539;10.341897195042998;essence;Low;1 an
76.27199094505869;0.20902656076808887;20232;62.98391039690046;73.1562731002234;10.17236270332294;essence;Medium;1 an
70.53158794663143;0.21957021283118197;20215;65.2022396227796;74.704171497325;9.501931874545402;essence;Low;1 an
58.621234691480524;0.2597636754431786;19869;62.602252742670636;73.56366518343644;10.961412440765807;essence;Medium;1 an
52.1509841815697;0.21460793322173183;19887;66.16128606623805;76.44398560170514;10.282699535467092;essence;Low;1 an
73.1535535501121;0.24233452837654396;19746;64.59761667743608;75.58737013852593;10.989753461089848;essence;Low;1 an
57.75872933969775;0.1644738341378106;19872;61.197582933665615;72.01467956306796;10.817096629402345;essence;Low;1 an
69.05809219299502;0.22381387120883384;20150;65.4020197224003;76.81321483622294;11.411195113822645;essence;Low;1 an
55.3176431730678;0.205901497579035;19798;65.6750205781767;78.97618842690426;13.301167848727559;essence;Low;1 an
60.808335810604596;0.24483017308333846;19771;68.80473404180836;80.99558776452197;12.190853722713616;essence;Low;1 an
39.35058659684722;0.24977217776088598;19959;65.7513518818612;75.57991973789873;9.828567856037534;essence;Low;1 an
54.364311426963894;0.2674197074389095;19694;60.40827620322702;72.62517421303552;12.216898009808503;essence;Low;1 an
35.94088606576646;0.1953674125039901;20140;59.24933388289686;70.89803873193698;11.648704849040113;essence;Low;1 an
60.14841991572285;0.2201026244971108;20047;59.620045052552676;70.98461271618825;11.364567663635574;essence;Low;1 an
52.39405658627559;0.2291648338820774;19830;67.22075408413346;80.1986902632591;12.977936179125642;essence;Low;1 an
60.91811338753904;0.26542047014456527;19679;58.49624950626037;72.78641707413023;14.290167567869858;essence;Medium;1 an
55.765451761004634;0.24428050708136068;19995;64.52963404385999;77.30141198188699;12.771777938027;essence;Low;1 an
71.50268995630496;0.18662840241162326;20111;66.84885798163612;75.5421854594976;8.693327477861494;essence;Low;1 an
45.62039168743224;0.22059595610830848;20235;62.2226656767511;72.45299359354863;10.230327916797526;essence;Low;1 an
68.67427549417752;0.22263224668486506;19969;67.2293822044537;79.5096389156491;12.280256711195403;essence;Low;1 an
64.66945582914124;0.2212447060631344;19949;65.75119894055675;76.05469202551211;10.303493084955358;essence;Hight;1 an
76.01946561018666;0.21317746900182585;19917;67.98121396736771;79.84952033175021;11.868306364382509;essence;Low;1 an
52.53472345563663;0.21120087616171382;19928;63.996274955406975;76.2752528165184;12.278977861111427;essence;Hight;1 an
59.78133916157516;0.2539068112966842;20027;64.01920161598377;75.07196049994472;11.052758883960953;essence;Low;1 an
55.92101648498499;0.19669268683557362;19990;64.293289420668;75.32032182866568;11.027032407997675;essence;Low;1 an
54.830713673302085;0.19293804666189504;19912;60.50488817135523;69.66875386302601;9.163865691670779;essence;Low;1 an
57.920191082319256;0.23679737969019665;19753;65.055521382572;76.4612992776532;11.405777895081199;essence;Low;1 an
72.56525238647261;0.2062088971431253;19921;67.86219228007113;81.09016724585922;13.22797496578809;essence;Hight;1 an
65.36074206837642;0.1757150807438069;19916;61.029211766964764;71.35844834236933;10.329236575404568;essence;Medium;1 an
60.648072964454016;0.247900617201012;20207;60.22310734775736;71.53914945522091;11.316042107463545;essence;Low;1 an
71.54268412436375;0.2123216231331699;19706;68.0508509681019;79.78666517654555;11.735814208443655;essence;Hight;1 an
71.23207910125288;0.202150174298029;20034;69.56021615431408;82.68179854703412;13.121582392720036;essence;Low;1 an
37.92158845342861;0.2314909276206688;20170;60.82091394376604;73.10289630372868;12.281982359962646;essence;Low;1 an
66.81509499751;0.2088365164423377;20120;62.18859373958743;75.06851039499001;12.879916655402585;essence;Medium;1 an
69.8380644266584;0.232348889608348;19724;57.686394009082775;66.99576310389112;9.309369094808345;essence;Low;1 an
54.11974149153286;0.2334947880472221;20237;57.66106870475253;70.36891861353168;12.707849908779147;essence;Medium;1 an
66.49385461387465;0.18821525341654902;20163;61.092937640437086;73.16911164948074;12.076174009043651;essence;Low;1 an
47.33250793957397;0.21525977219677012;19749;60.72973670234736;72.01546328749042;11.285726585143061;essence;Medium;1 an
74.36665832795664;0.24778295753416477;20108;63.684106641538435;74.6206296737375;10.936523032199064;essence;Low;1 an
78.35810738003558;0.21436783649205413;19890;63.49071560066138;75.27398094060055;11.783265339939168;essence;Low;1 an
62.81804688936949;0.2297864121176906;19842;61.189587336241814;71.49211727557292;10.302529939331112;essence;Medium;1 an
69.72092326159421;0.26448810607447004;20124;61.53596624347805;73.46507623547436;11.929109991996304;essence;Low;1 an
52.04033590534144;0.22021784089876978;19802;56.43941149283183;66.08295963515798;9.643548142326145;essence;Low;1 an
68.58800285033674;0.2394023703341997;19702;64.66782925328971;76.10849041729867;11.44066116400896;essence;Low;1 an
49.47318146385883;0.23297265089529032;19888;64.9103403658884;75.535225878396;10.624885512507602;essence;Hight;1 an
57.68247014788072;0.24492163529350217;19760;68.29443470867182;78.69353078985712;10.399096081185306;essence;Low;1 an
40.24853988029561;0.21667268595173836;20231;60.274775209362964;74.07204827845716;13.797273069094198;essence;Low;1 an
60.039129775847805;0.2013105749996771;19951;53.888408950248085;64.90541874079732;11.01700979054923;essence;Low;1 an
65.98386570345691;0.21068748917289642;19755;67.29689947369548;77.3329312403539;10.036031766658418;essence;Medium;1 an
64.39771988903183;0.20423665384724696;20010;59.49488823028905;68.18253009281005;8.687641862521001;essence;Low;1 an
85.50561852198695;0.2553167969289959;19666;60.79392292523663;70.38545555775877;9.591532632522147;essence;Low;1 an
60.90902785300159;0.21550571590177106;19701;56.69443943648059;66.92761279045698;10.23317335397638;essence;Low;1 an
76.04434953061563;0.25957053585843004;19927;61.73839160476213;75.83029570363811;14.091904098875988;essence;Low;1 an
80.67815745207419;0.24009175574873842;19738;60.58074524206498;71.2584707841859;10.677725542120921;essence;Medium;1 an
75.07735729633539;0.251436042799214;20129;63.35288749211443;76.71441262739621;13.361525135281788;essence;Low;1 an
54.32922108210642;0.2362529529354163;19772;70.60931567827393;84.72903551008916;14.119719831815235;essence;Hight;1 an
60.98641752182093;0.23275123691814803;19793;63.980396603601875;76.69471384187847;12.714317238276589;essence;Medium;1 an
68.08859049385808;0.20935013653916584;19974;59.16477216622694;71.20282669999321;12.038054533766271;essence;Low;1 an
51.942378328176616;0.22468065419777072;19766;64.09193917657777;77.5184240666182;13.426484890040426;essence;Low;1 an
47.97275178443431;0.1991328384608277;20153;58.64978563178312;67.467243826972;8.81745819518888;essence;Medium;1 an
58.53667641230017;0.2521338926045889;19758;63.61877215660222;73.90436199077322;10.285589834171004;essence;Low;1 an
58.047987018811426;0.22551916376777495;19860;67.75540289376244;78.07242033707846;10.317017443316017;essence;Medium;1 an
71.33257462801039;0.22580831784668084;20189;57.64441384086889;68.18712673049482;10.542712889625934;essence;Low;1 an
55.43589471629714;0.20592667076434648;20024;55.329402732846674;68.01302861597077;12.68362588312409;essence;Low;1 an
63.788669689826776;0.1770281707904889;20255;63.34414463065824;73.88178258492933;10.537637954271082;essence;Low;1 an
49.87961466982957;0.20455271690454654;20238;66.35465769150747;78.21484983747227;11.860192145964804;essence;Low;1 an
48.63573481893214;0.2037568013077405;20233;63.82470665771827;75.31494402080517;11.490237363086909;essence;Low;1 an
70.95577380910203;0.2202068433887183;19915;56.86678715788629;66.85737360835087;9.990586450464574;essence;Low;1 an
52.743802884730684;0.23465085309027459;20245;62.13386248326994;73.08276541311973;10.94890292984979;essence;Medium;1 an
45.889757152398914;0.26182010660226956;19759;63.22213540649183;75.94678390934232;12.724648502850489;essence;Low;1 an
72.7746629014254;0.21923597280876791;19717;67.25328796448295;77.15167490702723;9.89838694254427;essence;Low;1 an
59.109064364517934;0.1621228012007405;19889;64.27207711643543;74.25467963813901;9.982602521703578;essence;Low;1 an
67.99931363239769;0.24499537148830547;19825;65.73328677106713;76.96163786375072;11.228351092683596;essence;Medium;1 an
57.88978052556409;0.2258558682305436;19877;65.957629966698;78.09609593922565;12.13846597252765;essence;Medium;1 an
45.10939582332397;0.22734934337688364;20022;63.123597461660275;72.55150438848786;9.427906926827582;essence;Low;1 an
82.03432861320745;0.19236323691157664;20210;63.10145011438812;71.81840231269477;8.716952198306648;essence;Low;1 an
65.84866586303926;0.2103235983422712;20121;58.77052085921323;70.79698629718479;12.02646543797156;essence;Low;1 an
53.990039150040765;0.279467272429953;19718;64.84914095033132;76.14954594793073;11.300404997599419;essence;Low;1 an
76.20618108772871;0.23580004268103782;19931;60.7061713125187;71.80637155442312;11.100200241904423;essence;Low;1 an
72.1780525103714;0.2019870232579098;19700;69.2072752246861;80.4251036782995;11.217828453613393;essence;Low;1 an
38.09776182896069;0.22342918332031791;19774;63.645244505107094;74.69811413429035;11.052869629183256;essence;Medium;1 an
61.98633687737646;0.20813399322441525;19663;61.15794842553286;71.96073003288109;10.802781607348228;essence;Low;1 an
63.29737225669275;0.1786221669458588;19686;63.105944357059165;73.42789480479244;10.32195044773328;essence;Low;1 an
61.06435939538876;0.19719543009320364;19936;59.20314446723479;68.54304434984381;9.339899882609014;essence;Low;1 an
67.33633488664815;0.1915681537427616;20036;62.613979818737576;73.02771613466264;10.413736315925064;essence;Medium;1 an
79.80946384096141;0.19419634733059368;19963;65.270924416421;78.25454595623314;12.983621539812154;essence;Low;1 an
56.46547833460602;0.20271763148849536;20175;56.63844494001097;67.62693362652958;10.98848868651861;essence;Low;1 an
59.5038912853279;0.21930733295060822;19762;66.07456859437855;77.97140811056929;11.896839516190731;essence;Hight;1 an
56.452196693270444;0.23166180808156212;19670;59.161075024129644;68.10667704032745;8.945602016197814;essence;Low;1 an
67.59907111028718;0.22804727742920947;19697;62.00710004734324;72.99797021487943;10.990870167536189;essence;Low;1 an
66.42541351620129;0.25168823988274336;19865;66.1377920321543;77.70477347907546;11.566981446921154;essence;Medium;1 an
48.83880313215499;0.1945414864097191;19783;59.382629165283;68.55775499333735;9.175125828054354;essence;Low;1 an
54.836717296322135;0.24229348636631753;20250;59.769371666813086;72.61347240072966;12.844100733916576;essence;Low;1 an
49.50975732414873;0.2199394786140841;20236;65.29671797975733;77.82990123844812;12.533183258690778;essence;Medium;1 an
59.54061100905161;0.20320779314685838;19896;61.86793006089244;72.79711560681028;10.929185545917841;essence;Medium;1 an
77.7978362805862;0.25048770464830555;20038;66.02369364248248;78.24936663965444;12.225672997171955;essence;Low;1 an
62.6415012415711;0.2128658863448203;19898;69.31518651037634;80.04654493629384;10.731358425917504;essence;Low;1 an
56.50403713275803;0.1934593897965386;20098;60.08494363408415;69.6436380917416;9.558694457657444;essence;Low;1 an
64.47515479965381;0.23391771096925376;19803;66.9544197468659;80.52126208463764;13.566842337771742;essence;Medium;1 an
55.51492603498278;0.21120831192073847;19952;70.01955754066482;81.33779602388178;11.318238483216964;essence;Hight;1 an
70.29192650947212;0.15534285093165032;20107;60.95817337424166;72.00790077556451;11.049727401322848;essence;Low;1 an
64.45348464085383;0.18130521448960196;20071;66.99685446514422;78.66235729643897;11.66550283129474;essence;Hight;1 an
58.2176990306889;0.2557098978322518;19812;66.84232469390082;80.04702910743917;13.204704413538346;essence;Hight;1 an
54.40792028631962;0.22823213284488544;19742;70.59407155421707;83.56128492512622;12.967213370909148;essence;Low;1 an
