capacity,failure_rate,margin,price,prod_cost,product_type:_auto-portee,product_type:_electrique,product_type:_essence,Quality:_Basic,Quality:_High,Quality:_Medium,Warranty_years:_1,Warranty_years:_2,Warranty_years:_3,Perc_Margin:_High,Perc_Margin:_Low,Perc_Margin:_Medium
21.313063800841288,0.037927817978957286,613.0617618630818,768.160604890966,155.0988430278843,1,0,0,0,0,1,0,0,1,0,0,1
25.79723406013452,0.038663963701407005,701.3216077151046,865.7275397711708,164.40593205606615,1,0,0,1,0,0,0,0,1,0,0,1
14.31408332521242,0.0431181216522151,654.1474975777737,807.3741576340544,153.2266600562807,1,0,0,1,0,0,0,0,1,0,0,1
29.754389588650017,0.03855058797372652,669.0832392823254,866.5739543199292,197.49071503760376,1,0,0,1,0,0,0,0,1,0,0,1
24.915115505788485,0.03882929346392417,675.3132205876365,859.2057915283638,183.8925709407273,1,0,0,1,0,0,0,0,1,0,0,1
20.20228849768663,0.037941561777673966,669.1541607544888,805.1166317604848,135.962471005996,1,0,0,1,0,0,0,0,1,0,0,1
25.91785164400127,0.033390234638945616,718.8883696033963,877.7615174976632,158.87314789426694,1,0,0,0,1,0,0,0,1,0,0,1
14.468300430623625,0.029200786411633657,695.5989001901152,852.9357274554151,157.33682726529992,1,0,0,0,0,1,0,0,1,0,0,1
18.590439074451638,0.04026563998197258,672.4453081046313,821.4453265073417,149.00001840271045,1,0,0,1,0,0,0,0,1,0,0,1
10.949484307797107,0.03840950917804065,653.0117892244605,828.7291185287163,175.71732930425583,1,0,0,0,0,1,0,0,1,0,0,1
19.789083025430795,0.03601482685285643,695.8043038507769,856.3830766058452,160.57877275506826,1,0,0,0,0,1,0,0,1,0,0,1
13.513242544887724,0.037196107855638,721.3670319745906,897.8875342721617,176.52050229757106,1,0,0,1,0,0,0,0,1,0,0,1
9.643200637167826,0.03620172621968101,717.7755844227278,913.1924575163091,195.41687309358133,1,0,0,1,0,0,0,0,1,0,0,1
16.043452735395512,0.03353749541028007,648.5330694678638,843.0718904110722,194.5388209432084,1,0,0,0,0,1,0,0,1,0,0,1
11.556702534362454,0.03243554002251495,719.339044013787,851.1437057518292,131.80466173804223,1,0,0,1,0,0,0,0,1,1,0,0
20.414898640438413,0.041533593749882775,727.9473385456184,885.2470885009667,157.29974995534826,1,0,0,0,1,0,0,0,1,0,0,1
17.606996696051297,0.037898757952139615,667.7447573153395,836.551684839636,168.8069275242965,1,0,0,1,0,0,0,0,1,0,0,1
16.879243861913253,0.03311446023747991,735.2151039762763,902.4279920768815,167.21288810060526,1,0,0,0,1,0,0,0,1,0,0,1
18.342768508357608,0.03548372917493232,644.5610716262574,792.9224079812241,148.36133635496662,1,0,0,1,0,0,0,0,1,0,0,1
16.988370238322467,0.03506335642389403,611.2975159000724,760.8915481460801,149.5940322460077,1,0,0,0,0,1,0,0,1,0,0,1
26.51459858586288,0.0337762983899958,648.6800803934633,791.429235974253,142.74915558078965,1,0,0,1,0,0,0,0,1,0,0,1
34.10218871014892,0.04027738503189103,642.1747891247312,824.7386292740903,182.56384014935907,1,0,0,1,0,0,0,0,1,0,0,1
10.68702238581294,0.03320507033507287,680.7911557862668,845.5016681668834,164.7105123806166,1,0,0,0,0,1,0,0,1,0,0,1
16.7448826756962,0.03285554659435809,709.3461420317363,835.3288806034757,125.98273857173933,1,0,0,1,0,0,0,0,1,1,0,0
19.745615920741574,0.03611946947482781,708.6523989842206,899.7747062483896,191.12230726416908,1,0,0,1,0,0,0,0,1,0,0,1
10.730358064291634,0.0406609185578536,680.55667576903,847.193592433384,166.63691666435398,1,0,0,0,1,0,0,0,1,0,0,1
30.28377750862914,0.033910005979389334,711.3239386904843,899.6192540613807,188.29531537089645,1,0,0,1,0,0,0,0,1,0,0,1
25.95764040805728,0.03740966348957429,618.1770132757416,766.9152178753601,148.73820459961848,1,0,0,1,0,0,0,0,1,0,0,1
31.161860375033523,0.03778013643545816,665.072768465494,846.6141535025467,181.5413850370527,1,0,0,1,0,0,0,0,1,0,0,1
19.242867683861178,0.03644545835865448,660.7638043965139,827.8686293782706,167.10482498175668,1,0,0,1,0,0,0,0,1,0,0,1
21.973075316713814,0.04013660387512832,672.7734551638476,861.6136695982635,188.84021443441588,1,0,0,1,0,0,0,0,1,0,0,1
21.67164307350329,0.04319890853044018,658.1196697628322,835.365528826494,177.24585906366178,1,0,0,1,0,0,0,0,1,0,0,1
32.05289125031448,0.03374267629945352,636.5382652144112,810.9887181785782,174.45045296416697,1,0,0,1,0,0,0,0,1,0,0,1
25.38729588442882,0.03566116061020063,649.5384424085223,818.9461868759222,169.40774446739988,1,0,0,1,0,0,0,0,1,0,0,1
21.23568671653065,0.03075075073683107,680.7000082072434,872.6820606275162,191.9820524202728,1,0,0,0,0,1,0,0,1,0,0,1
27.653785416756907,0.0347432425353193,607.9195379218924,764.7059779313914,156.78644000949907,1,0,0,1,0,0,0,0,1,0,0,1
12.27367091979974,0.03226776563027485,629.647540235298,779.1529039646231,149.50536372932504,1,0,0,1,0,0,0,0,1,0,0,1
29.784780423408453,0.038369124483250375,666.6876346948692,828.103787231538,161.41615253666885,1,0,0,1,0,0,0,0,1,0,0,1
15.300222414225619,0.04055232298543724,748.3611550152947,915.5203768258436,167.15922181054896,1,0,0,1,0,0,0,0,1,0,0,1
23.00331270391191,0.03481136417983303,668.4464012045572,858.0109622395167,189.56456103495952,1,0,0,0,0,1,0,0,1,0,0,1
19.981183920317235,0.04095843530920319,674.5790354724885,826.1928552742622,151.61381980177373,1,0,0,1,0,0,0,0,1,0,0,1
12.699308542423621,0.036968611677545685,675.203460025952,867.3749721837082,192.17151215775618,1,0,0,1,0,0,0,0,1,0,0,1
37.840996130911854,0.04250288173777921,636.3314547986815,812.5257513874968,176.1942965888153,1,0,0,1,0,0,0,0,1,0,0,1
19.876066904381148,0.0385873542375788,720.4103741385176,904.3047506843084,183.8943765457908,1,0,0,1,0,0,0,0,1,0,0,1
10.774238984380373,0.038824198226949484,635.702012268914,796.9711435527173,161.2691312838033,1,0,0,0,0,1,0,0,1,0,0,1
24.63673736922859,0.03920879262239863,642.36653248366,794.9032034125221,152.53667092886212,1,0,0,1,0,0,0,0,1,0,0,1
19.384524844051327,0.037267802561156735,599.9964701308329,738.4412398206531,138.4447696898202,1,0,0,1,0,0,0,0,1,0,0,1
16.559122491696286,0.033317102066298114,765.6777005736363,919.588020805446,153.9103202318097,1,0,0,0,1,0,0,0,1,0,0,1
28.152638230590235,0.03830144364795237,715.3201296499243,912.0585809063859,196.73845125646164,1,0,0,1,0,0,0,0,1,0,0,1
24.755280109476686,0.03717666262975906,658.2843923456699,802.4809979226816,144.19660557701172,1,0,0,1,0,0,0,0,1,0,0,1
29.28054108793904,0.035122466433901114,715.1088889921792,881.1822276423035,166.07333865012424,1,0,0,0,1,0,0,0,1,0,0,1
18.59984987178158,0.035952459276237685,607.8075794377222,741.1093377085672,133.30175827084497,1,0,0,1,0,0,0,0,1,0,0,1
23.553540034596423,0.03362891599666665,648.5759409006847,814.6804842887367,166.10454338805198,1,0,0,0,0,1,0,0,1,0,0,1
23.767158618143448,0.03458029191547954,701.6972329904088,844.057072546291,142.35983955588222,1,0,0,1,0,0,0,0,1,0,0,1
29.17202791948597,0.038096142789780484,636.3361505456587,776.0617738692143,139.72562332355562,1,0,0,1,0,0,0,0,1,0,0,1
7.432330321553128,0.03400212290451246,635.5482481054643,806.4815732773587,170.93332517189447,1,0,0,1,0,0,0,0,1,0,0,1
22.01292227496087,0.04434127037373746,656.5589688983837,817.9916897469668,161.43272084858313,1,0,0,1,0,0,0,0,1,0,0,1
35.44173011227888,0.03827178617294594,734.0050046740193,918.5065885159564,184.50158384193708,1,0,0,0,0,1,0,0,1,0,0,1
23.09140522269125,0.03289847281650387,661.759807439618,855.5704028246878,193.81059538506975,1,0,0,0,1,0,0,0,1,0,0,1
26.873477037909023,0.037109514275978785,689.2637087742853,837.2027320557277,147.93902328144236,1,0,0,0,0,1,0,0,1,0,0,1
43.557677127403075,0.09262599203445836,252.5478674890569,357.74788013553285,105.20001264647595,0,1,0,0,0,1,0,1,0,0,1,0
43.19736160426453,0.08241290124208278,277.22902467408414,395.8196926712423,118.59066799715816,0,1,0,1,0,0,0,1,0,0,1,0
29.0446394741046,0.07952867642350625,252.2654218359017,346.70658421321417,94.44116237731248,0,1,0,1,0,0,0,1,0,0,0,1
46.40907335376002,0.08421328462529593,264.58807843538546,385.27538021137366,120.6873017759882,0,1,0,1,0,0,0,1,0,0,1,0
48.15145977160815,0.11106165425844276,275.65443512276147,396.6567759258866,121.00234080312515,0,1,0,0,0,1,0,1,0,0,1,0
38.75763998797629,0.11293113490451667,241.12494491591136,372.9675544222263,131.84260950631497,0,1,0,1,0,0,0,1,0,0,1,0
34.630023151815394,0.08598425288041434,282.10809535324563,396.0268873890005,113.91879203575485,0,1,0,1,0,0,0,1,0,0,1,0
37.76592547619879,0.09910218464906233,268.13051098870574,400.74811228888495,132.61760130017922,0,1,0,0,0,1,0,1,0,0,1,0
33.732569140010014,0.09300091610423744,263.3712232662233,374.80987704612863,111.43865377990534,0,1,0,1,0,0,0,1,0,0,1,0
36.42917086101212,0.11297387764152515,241.7190221808741,354.2574855867805,112.53846340590638,0,1,0,1,0,0,0,1,0,0,1,0
21.617560202277737,0.08300339666256995,260.2168675206902,364.69252309763635,104.47565557694617,0,1,0,1,0,0,0,1,0,0,1,0
49.04358386616325,0.0949825975497948,199.3525621210722,318.54077541255856,119.18821329148636,0,1,0,1,0,0,0,1,0,0,1,0
40.405718286368845,0.09416740001481302,252.8630981439951,381.7040801678431,128.84098202384797,0,1,0,0,1,0,0,1,0,0,1,0
52.6862546788931,0.07775548224642118,310.09700013135534,395.59184888512215,85.4948487537668,0,1,0,1,0,0,0,1,0,0,0,1
36.736227337507046,0.08974052067318865,260.36754084098703,379.72096172702715,119.35342088604011,0,1,0,1,0,0,0,1,0,0,1,0
41.43223805275996,0.09678245263793342,222.97019326118615,361.94906832250837,138.9788750613222,0,1,0,1,0,0,0,1,0,0,1,0
48.67305559787679,0.08918832051505074,250.47643398727124,386.10549809787653,135.6290641106053,0,1,0,1,0,0,0,1,0,0,1,0
28.958665031043644,0.10498612196428596,252.6624808864309,372.1572161380765,119.49473525164558,0,1,0,0,1,0,0,1,0,0,1,0
35.302764704374646,0.08509956756242379,277.7975022888055,403.23072553908014,125.43322325027464,0,1,0,0,1,0,0,1,0,0,1,0
37.4456173268991,0.09923491127241033,279.2656295094417,417.60051661940423,138.33488710996255,0,1,0,0,1,0,0,1,0,0,1,0
55.59810024984786,0.09770351676452638,257.31137998411356,360.6729443916545,103.36156440754093,0,1,0,1,0,0,0,1,0,0,1,0
42.12844936631126,0.0807268842855831,234.67154948355468,352.36038194750466,117.68883246394998,0,1,0,1,0,0,0,1,0,0,1,0
44.78460236907221,0.09093846957801972,264.51137801272756,393.12649821609847,128.6151202033709,0,1,0,1,0,0,0,1,0,0,1,0
40.0744441429383,0.0770791695128995,258.00129440250936,347.9086373558484,89.90734295333903,0,1,0,1,0,0,0,1,0,0,0,1
31.562013542143603,0.09211319416364154,276.2951411320354,380.7824134857315,104.48727235369614,0,1,0,0,0,1,0,1,0,0,0,1
48.3278024875977,0.09012896551236893,250.3080468644399,381.997590443392,131.68954357895214,0,1,0,0,0,1,0,1,0,0,1,0
43.58052585348605,0.09999790322912187,251.87696096482034,373.0056127904968,121.12865182567646,0,1,0,0,0,1,0,1,0,0,1,0
30.26573954146596,0.08845052181317699,284.07277146894404,403.95237988009484,119.8796084111508,0,1,0,0,0,1,0,1,0,0,1,0
43.23463468104806,0.0949665406915871,294.0986007119704,407.15689239503024,113.05829168305985,0,1,0,0,1,0,0,1,0,0,0,1
31.752517613167182,0.09825692389739793,294.35682531769874,400.5117288298421,106.15490351214339,0,1,0,1,0,0,0,1,0,0,0,1
43.937504523314196,0.09367202724274268,267.51097323994304,395.3058095413279,127.79483630138486,0,1,0,1,0,0,0,1,0,0,1,0
28.80247423072055,0.09751021960466176,261.25747365318415,358.3307683831498,97.07329472996565,0,1,0,1,0,0,0,1,0,0,0,1
55.391480236565336,0.10082580102822043,286.84532662712064,377.6482771547535,90.80295052763285,0,1,0,1,0,0,0,1,0,0,0,1
29.677606366579262,0.11253478558937093,230.5569168209853,362.3099818084829,131.75306498749762,0,1,0,1,0,0,0,1,0,0,1,0
35.11880793437728,0.08521705995259242,280.0289657638844,405.3148734113162,125.28590764743183,0,1,0,1,0,0,0,1,0,0,1,0
32.4387880582295,0.10310824132670357,238.6201732425406,353.0316996740085,114.4115264314679,0,1,0,1,0,0,0,1,0,0,1,0
37.6984269634511,0.07528152606569752,279.11681779367547,398.68822819304535,119.57141039936988,0,1,0,0,1,0,0,1,0,0,1,0
60.468516327083385,0.10690630224619622,246.41509647124317,348.03231541518164,101.61721894393847,0,1,0,1,0,0,0,1,0,0,1,0
44.20606001321433,0.09492681043191203,274.1130819873815,353.31154341014525,79.19846142276373,0,1,0,1,0,0,0,1,0,0,0,1
36.22065292938725,0.10249589677707356,254.61477734783696,372.18145959906167,117.5666822512247,0,1,0,1,0,0,0,1,0,0,1,0
44.9837024496107,0.11078520570055224,250.94241374849904,365.625496171119,114.68308242261995,0,1,0,0,0,1,0,1,0,0,1,0
39.21105517747035,0.1011763104686664,276.4943484952108,381.5858618806809,105.09151338547014,0,1,0,1,0,0,0,1,0,0,0,1
39.841711826266156,0.09746431782860472,296.67890545707695,409.82925150393237,113.15034604685542,0,1,0,1,0,0,0,1,0,0,0,1
33.8370590220089,0.09528345906458792,278.27611813047986,381.4866101361166,103.21049200563675,0,1,0,1,0,0,0,1,0,0,0,1
34.780928926960236,0.0881484220342293,273.0578612143724,378.7496471890848,105.69178597471239,0,1,0,1,0,0,0,1,0,0,0,1
42.90534921519978,0.08768212574675525,264.51059672577173,371.64599734558675,107.13540061981502,0,1,0,1,0,0,0,1,0,0,1,0
40.56744125307014,0.07862528200085786,292.6907134265298,412.3417406483769,119.65102722184713,0,1,0,0,0,1,0,1,0,0,1,0
35.68528437443347,0.0967282433480002,245.253892431087,339.78981111419466,94.53591868310767,0,1,0,1,0,0,0,1,0,0,0,1
24.922516219354787,0.08761085402349854,274.4023315099916,396.7948927136547,122.39256120366309,0,1,0,1,0,0,0,1,0,0,1,0
41.648905888197795,0.08959855159142717,279.0514835289629,412.33802147994004,133.28653795097716,0,1,0,0,1,0,0,1,0,0,1,0
36.97244450126314,0.07781117798510069,255.8334068088937,384.54592441954316,128.71251761064946,0,1,0,1,0,0,0,1,0,0,1,0
32.26470990409102,0.09770348316095494,253.4682843891006,369.2357991393992,115.7675147502986,0,1,0,0,1,0,0,1,0,0,1,0
37.20536771172614,0.10547999397164104,272.75937301722183,376.6191613196232,103.85978830240134,0,1,0,1,0,0,0,1,0,0,0,1
36.07192771305136,0.10248619396972757,259.66260704319245,389.67114328067316,130.0085362374807,0,1,0,1,0,0,0,1,0,0,1,0
37.55098527524361,0.09396176274919807,286.3948200853836,398.8895519702134,112.49473188482978,0,1,0,0,0,1,0,1,0,0,0,1
54.79855096761535,0.1059042561655152,244.6722232898113,349.9353319396317,105.26310864982037,0,1,0,1,0,0,0,1,0,0,1,0
28.405088007911967,0.08757589764850927,266.38564943910137,401.31801971628784,134.93237027718646,0,1,0,1,0,0,0,1,0,0,1,0
36.030890627378014,0.09767797037715292,263.4285879037264,372.659540296736,109.2309523930096,0,1,0,1,0,0,0,1,0,0,1,0
57.210665972560165,0.0966900586922636,237.13278938509794,356.9798788171677,119.84708943206974,0,1,0,1,0,0,0,1,0,0,1,0
39.55526257695223,0.1036032136947522,250.55037919734247,359.90576882434664,109.35538962700417,0,1,0,1,0,0,0,1,0,0,1,0
51.23175551430102,0.09941417598637237,258.37121417089816,387.29171259102793,128.92049842012977,0,1,0,1,0,0,0,1,0,0,1,0
42.3141003533669,0.10140922679285364,246.22499824077968,362.1478376875624,115.92283944678272,0,1,0,1,0,0,0,1,0,0,1,0
51.1979676229279,0.08794680618691987,278.523020249444,406.2824105401267,127.75939029068269,0,1,0,0,0,1,0,1,0,0,1,0
46.426945537786686,0.09131990880355602,262.2196327055205,383.3344653382106,121.11483263269008,0,1,0,1,0,0,0,1,0,0,1,0
47.04972397646844,0.10410897974083616,300.2686666185738,403.2056664606634,102.93699984208962,0,1,0,0,0,1,0,1,0,0,0,1
45.64004891861389,0.10051740945359744,279.27174018035805,383.67702132242266,104.40528114206461,0,1,0,1,0,0,0,1,0,0,0,1
35.042011797508785,0.10354625165163793,302.8588893210438,420.178529046866,117.31963972582219,0,1,0,0,1,0,0,1,0,0,0,1
35.92149638573397,0.0974831948801812,276.8298128573313,384.33830689264295,107.50849403531163,0,1,0,0,1,0,0,1,0,0,0,1
33.15748215686685,0.11383827892274505,275.96180821572483,389.01663173892143,113.0548235231966,0,1,0,0,0,1,0,1,0,0,1,0
37.40780146095523,0.09535823140715044,273.4452907106913,389.44881812100937,116.00352741031804,0,1,0,0,1,0,0,1,0,0,1,0
49.537760727945646,0.10167058982919117,278.6117576080478,406.72268976156164,128.11093215351383,0,1,0,0,1,0,0,1,0,0,1,0
52.40972081637752,0.0833681848574522,271.8846538886485,385.13881941375837,113.2541655251099,0,1,0,1,0,0,0,1,0,0,1,0
38.13384546577973,0.06956357216717958,256.20775177893523,352.22937880544214,96.0216270265069,0,1,0,1,0,0,0,1,0,0,0,1
45.78221279218587,0.10519199260597528,278.23760676458824,413.5732671286318,135.33566036404358,0,1,0,0,1,0,0,1,0,0,1,0
40.35524990153056,0.0979196020045508,256.3326474496096,356.11924723565727,99.78659978604765,0,1,0,0,0,1,0,1,0,0,0,1
40.1389024124825,0.10316917797574217,271.40681108660016,385.8392287867808,114.43241770018062,0,1,0,1,0,0,0,1,0,0,1,0
44.08104409507724,0.10305631288939207,262.45070967955314,373.571160228512,111.12045054895884,0,1,0,1,0,0,0,1,0,0,1,0
62.3751357420697,0.08941394476825906,304.00056486460323,419.36077975865214,115.36021489404891,0,1,0,0,1,0,0,1,0,0,0,1
43.04739205135668,0.08393463357269558,271.73283001102936,382.0675367658045,110.33470675477514,0,1,0,0,1,0,0,1,0,0,1,0
46.52596507122418,0.0912207592473203,238.4697385194341,341.35972994678133,102.88999142734724,0,1,0,1,0,0,0,1,0,0,1,0
38.24693555776528,0.09406656602344868,259.11477949140567,378.12364252224836,119.00886303084269,0,1,0,1,0,0,0,1,0,0,1,0
36.476728091950996,0.09718034285666097,296.76212225128717,406.38098166314626,109.61885941185909,0,1,0,0,1,0,0,1,0,0,0,1
41.818232464362495,0.09562028413239852,242.08807626622416,340.23288580884963,98.14480954262547,0,1,0,1,0,0,0,1,0,0,1,0
32.7176720075238,0.09379485239276612,252.69393304668785,388.4261721012806,135.73223905459275,0,1,0,1,0,0,0,1,0,0,1,0
34.84923564727833,0.09867604885791577,287.30188345397204,393.5834114979405,106.28152804396848,0,1,0,0,0,1,0,1,0,0,0,1
35.318981435593756,0.09550616440585953,272.0524845082849,388.668756496974,116.6162719886891,0,1,0,1,0,0,0,1,0,0,1,0
45.75938882936462,0.09592214623763266,234.8176742221548,353.0986517215269,118.28097749937209,0,1,0,1,0,0,0,1,0,0,1,0
30.104740630076627,0.09256673919677524,245.20114946598233,382.3557892309673,137.15463976498495,0,1,0,0,0,1,0,1,0,0,1,0
23.658795302099925,0.09122378889586172,266.89428228158766,368.50451057485634,101.61022829326868,0,1,0,0,1,0,0,1,0,0,0,1
35.42703743615879,0.08832702371946878,242.29099506941486,349.9469751681265,107.65598009871167,0,1,0,1,0,0,0,1,0,0,1,0
39.9156815646611,0.0822390752161356,273.7005126115939,396.0728750140463,122.37236240245238,0,1,0,1,0,0,0,1,0,0,1,0
38.09807674839456,0.0923318561722286,244.2748161567197,364.9006148461991,120.62579868947941,0,1,0,1,0,0,0,1,0,0,1,0
45.26719793722689,0.1168073944273437,294.41612713273264,404.6378837481518,110.22175661541917,0,1,0,0,0,1,0,1,0,0,0,1
39.73040978806133,0.09061834945003798,272.54706434438356,374.1976735056147,101.65060916123116,0,1,0,1,0,0,0,1,0,0,0,1
30.787675136263328,0.09589275696698564,240.2325535950819,358.9032495658272,118.6706959707453,0,1,0,1,0,0,0,1,0,0,1,0
48.836983454123676,0.08550437247063758,244.21953156245152,387.38917840185167,143.16964683940014,0,1,0,1,0,0,0,1,0,0,1,0
52.67357456753634,0.09834329570461453,286.7330889591365,400.01952872372567,113.28643976458915,0,1,0,1,0,0,0,1,0,0,0,1
48.84965201618839,0.10678945099932056,298.0350117956208,402.9054325331032,104.87042073748239,0,1,0,1,0,0,0,1,0,0,0,1
29.43343550607516,0.11497972155895987,287.09596638576943,376.0838914318163,88.98792504604688,0,1,0,0,1,0,0,1,0,0,0,1
41.781888875304354,0.0863740705417542,261.0987987041708,364.00833969941965,102.90954099524885,0,1,0,1,0,0,0,1,0,0,0,1
44.11417534540418,0.0961952762796008,274.90859367856893,382.8292678071991,107.92067412863014,0,1,0,1,0,0,0,1,0,0,0,1
46.57767908359127,0.10479092596430516,260.37892073852765,360.2977088585431,99.91878812001545,0,1,0,1,0,0,0,1,0,0,0,1
49.11389828308916,0.10932619401485308,250.3108091142404,377.97318985400426,127.66238073976385,0,1,0,1,0,0,0,1,0,0,1,0
29.43318740489325,0.11546663427816355,257.16911990969487,371.21419128476373,114.04507137506886,0,1,0,1,0,0,0,1,0,0,1,0
44.740389421832816,0.10885349418718834,262.16101609387937,375.875398398321,113.71438230444164,0,1,0,1,0,0,0,1,0,0,1,0
44.01670186789241,0.09202027458773833,250.3628993984242,362.79246157636254,112.42956217793835,0,1,0,1,0,0,0,1,0,0,1,0
25.27002922849071,0.0999007545928267,278.152302810712,384.40324412154905,106.25094131083705,0,1,0,0,1,0,0,1,0,0,0,1
34.61045247018467,0.11146057009114853,241.04327223738025,329.07829194073713,88.03501970335688,0,1,0,1,0,0,0,1,0,0,0,1
35.99592096052166,0.09460717395226537,257.4240111084433,380.40703910728325,122.98302799883993,0,1,0,0,0,1,0,1,0,0,1,0
49.48706677295385,0.1008743550993162,263.67057752000824,379.3034352406136,115.63285772060539,0,1,0,1,0,0,0,1,0,0,1,0
51.83296671478717,0.0926396152718795,246.3007612675217,363.901168448216,117.60040718069433,0,1,0,1,0,0,0,1,0,0,1,0
55.83604102777057,0.08374876144583893,273.38210658918746,380.52210504776497,107.13999845857751,0,1,0,1,0,0,0,1,0,0,0,1
44.28090046923121,0.10721370612531314,267.7604199836244,378.63195046797273,110.87153048434834,0,1,0,1,0,0,0,1,0,0,1,0
34.431441539785425,0.0955721203973013,229.6337305660676,361.9069714426538,132.2732408765862,0,1,0,1,0,0,0,1,0,0,1,0
46.22218324979181,0.10174255941112023,286.9255503973746,405.0688782432178,118.1433278458432,0,1,0,1,0,0,0,1,0,0,1,0
43.42194655129406,0.08870334491771757,285.5155374975116,389.2486680011775,103.7331305036659,0,1,0,1,0,0,0,1,0,0,0,1
19.11621230629786,0.09179129196636586,259.25487567638504,370.03222120514226,110.77734552875722,0,1,0,1,0,0,0,1,0,0,1,0
39.580722876346044,0.10005586966393913,254.15554258774688,375.61707337156196,121.46153078381508,0,1,0,1,0,0,0,1,0,0,1,0
36.33253765893684,0.08747028304918547,266.53193213632494,393.4400054706172,126.90807333429228,0,1,0,1,0,0,0,1,0,0,1,0
53.997468072591964,0.09879033830742663,265.60193240475394,381.44012381400285,115.8381914092489,0,1,0,0,0,1,0,1,0,0,1,0
47.815668194803656,0.09876389281644822,282.86875921589007,397.6585513289394,114.78979211304932,0,1,0,1,0,0,0,1,0,0,1,0
38.829114701541975,0.10482644700273816,278.8546992704972,388.34499440095396,109.49029513045679,0,1,0,1,0,0,0,1,0,0,0,1
39.668266079413335,0.09506806989583802,257.77547142893377,363.8596081032363,106.08413667430256,0,1,0,1,0,0,0,1,0,0,1,0
42.896785948382416,0.09067826451476277,274.711277903018,416.63867313847055,141.92739523545254,0,1,0,1,0,0,0,1,0,0,1,0
46.5555299494017,0.10092481768838196,230.44133269360768,338.39150102150205,107.95016832789437,0,1,0,1,0,0,0,1,0,0,1,0
30.488376435315555,0.11334002993149693,310.04399871260176,421.0903423086501,111.04634359604836,0,1,0,1,0,0,0,1,0,0,0,1
34.01418392320307,0.10228620831938842,255.8110082562711,368.82840122985465,113.01739297358355,0,1,0,0,0,1,0,1,0,0,1,0
41.811782218959024,0.10579769850898507,257.07603996091353,361.51357554132426,104.43753558041072,0,1,0,1,0,0,0,1,0,0,1,0
32.958906998270606,0.08569260130864714,244.9433525522385,362.3896167024935,117.44626415025502,0,1,0,1,0,0,0,1,0,0,1,0
38.03836483009388,0.1074632360467774,294.45216093251577,401.7242689539872,107.27210802147141,0,1,0,1,0,0,0,1,0,0,0,1
35.91069947152981,0.08456003002278951,276.02430238824604,400.06884507307535,124.04454268482931,0,1,0,1,0,0,0,1,0,0,1,0
47.56996812315886,0.10982007882933932,274.36337867760744,393.1509420488866,118.78756337127913,0,1,0,1,0,0,0,1,0,0,1,0
40.37519388520408,0.11609358085373472,252.9213089371256,371.4956010149362,118.57429207781061,0,1,0,1,0,0,0,1,0,0,1,0
45.78925126081123,0.0977077671328252,283.5758285257816,413.5894554072303,130.01362688144866,0,1,0,1,0,0,0,1,0,0,1,0
50.035099086008785,0.09746767084893394,266.8155813555577,398.87000878977346,132.05442743421577,0,1,0,1,0,0,0,1,0,0,1,0
32.38389456367697,0.09337588590975204,214.69212275077683,319.83657020331395,105.14444745253712,0,1,0,1,0,0,0,1,0,0,1,0
43.63466044392454,0.1050617929802593,252.00760370053644,353.033479176844,101.02587547630759,0,1,0,1,0,0,0,1,0,0,1,0
35.63612908962663,0.08325588478558595,274.39733135940537,392.77201418755516,118.37468282814979,0,1,0,0,0,1,0,1,0,0,1,0
45.36981101468158,0.06406630171616705,201.50515843383343,314.6993859952139,113.19422756138047,0,1,0,1,0,0,0,1,0,0,1,0
37.58166971435581,0.0930511153243101,248.8893639406593,384.2427822464225,135.3534183057632,0,1,0,0,0,1,0,1,0,0,1,0
41.43580666174702,0.10608017881867936,271.40240909949557,381.6149133919624,110.2125042924668,0,1,0,1,0,0,0,1,0,0,1,0
42.05640337800804,0.08826813904960587,256.81597719615957,377.37812088513715,120.56214368897759,0,1,0,1,0,0,0,1,0,0,1,0
37.08239947764445,0.10412922419988492,255.43034816939837,377.0555909032287,121.6252427338303,0,1,0,0,0,1,0,1,0,0,1,0
38.443045335212666,0.11489866684182615,279.9650196500502,396.38956325232107,116.42454360227089,0,1,0,0,0,1,0,1,0,0,1,0
38.74695474458513,0.10608445126155168,263.16384519979044,356.22368224635846,93.05983704656802,0,1,0,1,0,0,0,1,0,0,0,1
23.82705520774795,0.09172568244899644,291.06997520543325,418.9617234882992,127.89174828286593,0,1,0,0,1,0,0,1,0,0,1,0
37.788879892405774,0.0900975304685634,293.31925486447466,408.24498549360544,114.92573062913078,0,1,0,1,0,0,0,1,0,0,0,1
31.71770083579565,0.104645031945846,263.03684320757947,391.4588410260401,128.42199781846062,0,1,0,0,1,0,0,1,0,0,1,0
29.53013423773559,0.09215746264691613,270.55727693094434,389.90686387475154,119.3495869438072,0,1,0,0,0,1,0,1,0,0,1,0
38.94933610846933,0.10309439406715767,297.60104194960275,418.37147615483633,120.77043420523358,0,1,0,0,1,0,0,1,0,0,1,0
55.99387415786008,0.08522040627821123,273.14778184103614,398.2283361388189,125.08055429778278,0,1,0,1,0,0,0,1,0,0,1,0
46.11239919564991,0.09852207914476632,253.31082461026557,351.6416811244619,98.33085651419634,0,1,0,1,0,0,0,1,0,0,0,1
39.2923749829214,0.10594477271767276,286.9171609811882,379.52158136873,92.60442038754178,0,1,0,1,0,0,0,1,0,0,0,1
30.7563351620292,0.08990816260069782,264.99303032567724,369.6933182850836,104.70028795940635,0,1,0,1,0,0,0,1,0,0,0,1
41.373630110258105,0.09275075060716012,245.20608559244064,384.68132151530267,139.47523592286203,0,1,0,1,0,0,0,1,0,0,1,0
36.58504159233402,0.09493452435196002,263.6063490252485,372.8197615887476,109.2134125634991,0,1,0,1,0,0,0,1,0,0,1,0
40.801484961253344,0.09025119747510847,268.8046852471041,394.7799276403438,125.97524239323968,0,1,0,0,1,0,0,1,0,0,1,0
41.78457139441761,0.10212897715916427,250.5256768720044,373.5743532077482,123.04867633574378,0,1,0,1,0,0,0,1,0,0,1,0
36.74322769338961,0.0829098391481547,214.99437832230208,340.88738721687116,125.89300889456908,0,1,0,1,0,0,0,1,0,0,1,0
27.484067767883506,0.08927507838142561,290.3385119437096,383.30277561220316,92.96426366849357,0,1,0,0,0,1,0,1,0,0,0,1
44.38274504192393,0.08518816251086947,255.3944311486525,359.2760297356241,103.88159858697159,0,1,0,1,0,0,0,1,0,0,1,0
39.914110360585106,0.09655296503931607,235.4256142667835,353.48606580209656,118.06045153531306,0,1,0,1,0,0,0,1,0,0,1,0
26.688969203921925,0.0904441912756413,227.9543405035542,362.8902953159945,134.9359548124403,0,1,0,1,0,0,0,1,0,0,1,0
28.46693861099244,0.11029252653730748,240.00628016749832,362.517709615596,122.51142944809769,0,1,0,1,0,0,0,1,0,0,1,0
50.12551060388694,0.10488793265322544,234.49492328926624,355.90495686583864,121.4100335765724,0,1,0,1,0,0,0,1,0,0,1,0
33.19869636453093,0.10837612500163916,250.2602892303697,370.0029605794672,119.74267134909749,0,1,0,1,0,0,0,1,0,0,1,0
28.04470815047216,0.1037323912145506,260.5799779333974,355.51265907010315,94.93268113670575,0,1,0,1,0,0,0,1,0,0,0,1
47.889541361574345,0.09363187474655256,222.90965615841708,337.4406177194781,114.53096156106102,0,1,0,1,0,0,0,1,0,0,1,0
39.648426680003325,0.08821742583399975,292.76825938349924,384.48257175840286,91.71431237490361,0,1,0,1,0,0,0,1,0,0,0,1
34.80255007541023,0.0938779791965404,262.6940745262412,370.07673566430697,107.38266113806577,0,1,0,1,0,0,0,1,0,0,1,0
31.827561937533805,0.09864321606453752,250.4056467338181,349.33714947154084,98.93150273772275,0,1,0,1,0,0,0,1,0,0,0,1
50.29004435144191,0.08297229737989167,269.6784232496317,400.2056606271486,130.52723737751688,0,1,0,0,0,1,0,1,0,0,1,0
29.108197980460318,0.09474985213885843,240.24069994468442,346.55787684432914,106.31717689964472,0,1,0,1,0,0,0,1,0,0,1,0
25.88746265503739,0.08952326988936815,261.5430969991361,370.0037031626934,108.46060616355732,0,1,0,0,1,0,0,1,0,0,1,0
50.693562551982545,0.09708104246550224,243.29569535580362,358.27981730124293,114.98412194543931,0,1,0,0,0,1,0,1,0,0,1,0
47.763361634948254,0.07575731718987004,272.8257457281287,417.90203134537086,145.07628561724215,0,1,0,0,0,1,0,1,0,0,1,0
30.774350487692672,0.09751476050627343,264.81648706374483,371.7016847523391,106.88519768859425,0,1,0,0,0,1,0,1,0,0,1,0
47.57926619398435,0.11617294242823065,246.2504536832444,387.79628469494463,141.54583101170024,0,1,0,1,0,0,0,1,0,0,1,0
44.3606432340172,0.09759481881399401,296.30851556131836,407.3596630470896,111.05114748577125,0,1,0,1,0,0,0,1,0,0,0,1
42.62690506501679,0.10330283241800577,254.4945583855512,357.83810503902345,103.34354665347226,0,1,0,1,0,0,0,1,0,0,1,0
51.499404873245155,0.10064979766327024,245.51120383247456,362.5013529255897,116.99014909311512,0,1,0,1,0,0,0,1,0,0,1,0
38.298356645863954,0.10798741522370928,287.46103435911516,415.6183428622438,128.15730850312866,0,1,0,0,0,1,0,1,0,0,1,0
56.171810721731255,0.07971255537114835,296.291581829693,403.8669457713694,107.57536394167641,0,1,0,1,0,0,0,1,0,0,0,1
25.922917560310612,0.10773477474479223,293.3658655644216,400.36422974138526,106.99836417696366,0,1,0,1,0,0,0,1,0,0,0,1
33.890900261131826,0.09593839117480434,222.6644867015289,351.8748836550253,129.21039695349643,0,1,0,1,0,0,0,1,0,0,1,0
67.03032072442151,0.2494811066369456,53.401612090562715,64.63590630249685,11.234294211934134,0,0,1,0,0,1,1,0,0,0,0,1
45.06375132009242,0.2073878925637992,62.77191953679315,75.00695017479926,12.235030638006108,0,0,1,1,0,0,1,0,0,1,0,0
78.25157478500894,0.2661990851830627,69.05661170883464,82.95132003553506,13.894708326700425,0,0,1,0,1,0,1,0,0,0,0,1
64.01483759061834,0.2374582905200055,62.36559008871697,73.18460450889503,10.819014420178064,0,0,1,1,0,0,1,0,0,1,0,0
54.187417835622476,0.21817413457219811,58.555816223768204,71.20438068384769,12.648564460079484,0,0,1,0,0,1,1,0,0,0,0,1
86.19361136377229,0.22383889845988109,63.965054240076725,73.89088693605349,9.925832695976766,0,0,1,0,0,1,1,0,0,1,0,0
68.60982049447934,0.2388874894230156,57.66977450261236,69.07204856947958,11.402274066867214,0,0,1,1,0,0,1,0,0,1,0,0
68.41619669099039,0.2616528540144506,60.09810018297611,72.56446949860056,12.466369315624448,0,0,1,1,0,0,1,0,0,0,0,1
40.94607390248037,0.16818328747820846,66.83456608486671,76.60378855643069,9.769222471563978,0,0,1,1,0,0,1,0,0,1,0,0
50.6530065961461,0.21819016937425928,69.37716687643517,81.11445725163027,11.737290375195101,0,0,1,0,0,1,1,0,0,1,0,0
75.43789609742542,0.2255759068939683,66.21098220724424,78.46077638112374,12.249794173879494,0,0,1,0,1,0,1,0,0,1,0,0
62.483169912415235,0.19881188037564468,66.27516129647152,77.8549837734978,11.579822477026283,0,0,1,1,0,0,1,0,0,1,0,0
58.03586539221882,0.20224555479474424,53.183789211246186,63.969203948392725,10.785414737146539,0,0,1,1,0,0,1,0,0,0,0,1
53.22185149890864,0.176054151091655,63.81484950552082,76.69096276290423,12.876113257383416,0,0,1,0,1,0,1,0,0,0,0,1
49.24501163238423,0.21266425806822814,62.86642977618516,72.68933225155173,9.822902475366575,0,0,1,0,0,1,1,0,0,1,0,0
64.00864908515547,0.23726058447289455,62.23202816695975,74.11472851167272,11.882700344712973,0,0,1,0,1,0,1,0,0,1,0,0
61.24073814524797,0.211469752481172,69.78929762216761,80.24423594863255,10.45493832646494,0,0,1,1,0,0,1,0,0,1,0,0
66.46013336858223,0.2197455782852268,65.19189186134976,78.98212268788788,13.79023082653812,0,0,1,0,0,1,1,0,0,0,0,1
45.83101614604981,0.2489893677185512,62.0741141433103,72.41533028733144,10.341216144021146,0,0,1,1,0,0,1,0,0,1,0,0
59.55743450087683,0.20039061306730252,62.75732934645367,73.33256244716968,10.575233100716005,0,0,1,1,0,0,1,0,0,1,0,0
66.22486004097311,0.24477082697606836,63.16091685618789,74.7310025951715,11.570085738983614,0,0,1,1,0,0,1,0,0,1,0,0
71.72954683132052,0.22249655973516227,63.7446986730026,73.45225626362344,9.707557590620837,0,0,1,1,0,0,1,0,0,1,0,0
59.555419162059714,0.23089222901825598,65.55148158200173,76.06324073897113,10.511759156969404,0,0,1,1,0,0,1,0,0,1,0,0
48.919469601007386,0.23325657854278176,64.32261773961952,78.18925545610642,13.866637716486906,0,0,1,1,0,0,1,0,0,0,0,1
78.13056561844279,0.2707657943043082,62.482887135351454,71.57153886216523,9.088651726813772,0,0,1,1,0,0,1,0,0,1,0,0
55.085187889985654,0.25167974732609216,65.96066611979458,75.79355987385235,9.832893754057764,0,0,1,1,0,0,1,0,0,1,0,0
61.30446683127513,0.2109175462942373,63.710193479852144,75.358465287733,11.648271807880853,0,0,1,0,0,1,1,0,0,1,0,0
49.89334045320234,0.2135464806005785,61.75022380320548,74.03013772980388,12.279913926598404,0,0,1,1,0,0,1,0,0,0,0,1
76.23975290699738,0.23512448817537435,64.34197919766927,75.92704632126762,11.58506712359835,0,0,1,1,0,0,1,0,0,1,0,0
67.61768169992618,0.22342556776946013,65.72613637058836,74.47225556990631,8.746119199317945,0,0,1,1,0,0,1,0,0,1,0,0
53.59430101811968,0.2442146277129278,64.56413683850329,75.2290855967145,10.66494875821121,0,0,1,1,0,0,1,0,0,1,0,0
66.55680617861114,0.23408349239634024,55.544551456295515,66.30318793755235,10.758636481256836,0,0,1,1,0,0,1,0,0,1,0,0
39.28161748565503,0.22569940753443996,62.598540626044134,73.49974280381572,10.901202177771587,0,0,1,1,0,0,1,0,0,1,0,0
46.7870659797611,0.23991827693717924,60.57014540499843,73.99393262692823,13.4237872219298,0,0,1,1,0,0,1,0,0,0,0,1
59.619407771104406,0.23055772026104526,65.54149311729128,75.59132288858824,10.049829771296956,0,0,1,1,0,0,1,0,0,1,0,0
39.16831414391703,0.23361551947273065,59.82710595011052,70.55353231903558,10.726426368925061,0,0,1,1,0,0,1,0,0,1,0,0
51.36825225231794,0.200808325138228,62.224929096524114,72.30124238618724,10.076313289663126,0,0,1,0,0,1,1,0,0,1,0,0
57.20735897594253,0.18986974016749786,69.78004050282438,81.87395490299775,12.093914400173375,0,0,1,0,1,0,1,0,0,1,0,0
47.43194754445944,0.21124491538854376,57.29836808130434,67.84158490059461,10.543216819290272,0,0,1,1,0,0,1,0,0,1,0,0
64.11150049843867,0.22461338669509934,62.463614905317456,72.57586641240304,10.112251507085588,0,0,1,1,0,0,1,0,0,1,0,0
79.3480695379897,0.2597613159704619,63.33091553699419,72.64894322493302,9.31802768793883,0,0,1,1,0,0,1,0,0,1,0,0
55.822590681920154,0.22304321304814606,68.4003283589901,79.88884670703172,11.488518348041623,0,0,1,0,0,1,1,0,0,1,0,0
51.110417459793574,0.20894204746701334,55.80997748176434,65.73378160988156,9.923804128117219,0,0,1,1,0,0,1,0,0,1,0,0
69.94047991321308,0.21226898201376665,61.88390554201904,71.45012558996625,9.566220047947205,0,0,1,1,0,0,1,0,0,1,0,0
58.28702848520791,0.21954313265058295,63.002867810122574,75.86625635176611,12.863388541643538,0,0,1,0,0,1,1,0,0,0,0,1
47.70041092815739,0.2117757580682943,61.54151729352278,72.45438557519778,10.912868281674996,0,0,1,1,0,0,1,0,0,1,0,0
59.07795690654992,0.2414322440898155,64.11223490713904,76.09982328306306,11.98758837592402,0,0,1,0,0,1,1,0,0,1,0,0
46.62184796894015,0.2616813346539357,57.373254567145175,66.94869528505653,9.575440717911356,0,0,1,0,0,1,1,0,0,1,0,0
56.567385141640976,0.20994149742379034,65.96069922547011,76.80194471285832,10.841245487388207,0,0,1,1,0,0,1,0,0,1,0,0
47.83842634286847,0.22208839863072527,61.2540574132394,73.4816954656472,12.227638052407805,0,0,1,1,0,0,1,0,0,0,0,1
87.14291199736435,0.2057271758258668,63.19299121936903,77.7522525350152,14.559261315646175,0,0,1,1,0,0,1,0,0,0,0,1
58.651800254255754,0.2339124845760121,56.45001570128906,68.08963457136579,11.639618870076731,0,0,1,1,0,0,1,0,0,0,0,1
72.40914246286826,0.19266845765692686,61.644739720745925,73.56725110087719,11.922511380131262,0,0,1,0,0,1,1,0,0,1,0,0
35.32311958618635,0.2462819164993625,58.51353813796382,70.20027513398618,11.686736996022361,0,0,1,1,0,0,1,0,0,0,0,1
49.77560308703869,0.2015807937182917,56.419719705665464,67.50322868321726,11.083508977551794,0,0,1,1,0,0,1,0,0,1,0,0
53.38668099853549,0.2263118946809037,66.08325186448283,77.01143330184897,10.928181437366135,0,0,1,1,0,0,1,0,0,1,0,0
65.31264051283864,0.2303002986106599,66.23008481972299,77.03174412285465,10.801659303131657,0,0,1,0,0,1,1,0,0,1,0,0
51.655980580687206,0.22275627065554784,60.98034795989378,71.05321801394045,10.072870054046675,0,0,1,1,0,0,1,0,0,1,0,0
44.0538675948586,0.22179763589446666,59.290399291645095,70.12092136859694,10.830522076951844,0,0,1,1,0,0,1,0,0,1,0,0
44.69911666061433,0.20908221984791428,64.20537036998576,75.3947402979269,11.189369927941144,0,0,1,1,0,0,1,0,0,1,0,0
50.12892007200122,0.17613273671273427,68.40512112322304,80.11028145902594,11.705160335802901,0,0,1,0,0,1,1,0,0,1,0,0
50.8078540514169,0.2126169553079165,63.128043459643344,74.0583990633228,10.930355603679452,0,0,1,1,0,0,1,0,0,1,0,0
52.53468484924112,0.2115668010153959,60.62523272107472,71.34003319752587,10.714800476451153,0,0,1,1,0,0,1,0,0,1,0,0
70.59063358596603,0.24272360274467494,61.36707533350098,73.1747433392991,11.80766800579812,0,0,1,1,0,0,1,0,0,1,0,0
62.955874402975766,0.25011635858926085,63.0631314482394,73.69434471086889,10.631213262629487,0,0,1,1,0,0,1,0,0,1,0,0
49.7474892942296,0.1864518479462369,67.42620068630914,80.20909788237195,12.782897196062805,0,0,1,0,1,0,1,0,0,1,0,0
66.11090034566753,0.2350768643843633,62.44103169148652,73.3359420632329,10.894910371746384,0,0,1,0,0,1,1,0,0,1,0,0
60.78622216861335,0.20050389445985656,63.415132436314174,74.71320346082372,11.298071024509547,0,0,1,1,0,0,1,0,0,1,0,0
56.99100238905643,0.2063024736529764,58.96874843892218,71.41646141085688,12.447712971934706,0,0,1,0,1,0,1,0,0,0,0,1
40.584536087178186,0.21082653076599184,56.227129306853314,68.02867377191882,11.801544465065504,0,0,1,1,0,0,1,0,0,0,0,1
67.57987515767988,0.2282809653314715,66.21408560360939,79.76008083721891,13.545995233609517,0,0,1,0,1,0,1,0,0,0,0,1
64.23054490295503,0.23057261966003265,64.81265847787077,75.03142128364155,10.21876280577078,0,0,1,1,0,0,1,0,0,1,0,0
60.344506570744066,0.1975608448846278,62.565379727441794,73.24244327476463,10.677063547322831,0,0,1,0,0,1,1,0,0,1,0,0
46.85016546719504,0.2338828799041895,67.56083125989112,79.11393076771475,11.553099507823632,0,0,1,0,1,0,1,0,0,1,0,0
71.08462379655249,0.2101564164925057,66.6604970996178,76.59653829690383,9.93604119728603,0,0,1,1,0,0,1,0,0,1,0,0
58.91873912998028,0.24562600352073136,58.46368867727812,68.03331952970873,9.569630852430613,0,0,1,0,0,1,1,0,0,1,0,0
50.32486444552474,0.20573027089502996,71.90377885703343,82.70690345941331,10.803124602379881,0,0,1,0,1,0,1,0,0,1,0,0
52.63781308490776,0.203062354804996,63.178034718528274,74.75367951026654,11.575644791738263,0,0,1,0,0,1,1,0,0,1,0,0
59.50850392700971,0.2523603230032029,57.3529472678762,68.3630714314436,11.010124163567397,0,0,1,1,0,0,1,0,0,1,0,0
65.58155915556225,0.2280488069154384,64.95652385386606,77.00236536307683,12.045841509210774,0,0,1,1,0,0,1,0,0,1,0,0
65.18462268366413,0.1867828512341495,68.3115628320823,78.89246601571914,10.580903183636835,0,0,1,1,0,0,1,0,0,1,0,0
68.69105608790487,0.2440052951373438,58.91585555367603,69.79272410717614,10.87686855350011,0,0,1,1,0,0,1,0,0,1,0,0
39.451850894928064,0.2396001578042289,60.7378504964202,71.43238200389291,10.69453150747271,0,0,1,0,0,1,1,0,0,1,0,0
69.79834280478839,0.2263758410262469,70.44311872265652,84.41609331538899,13.97297459273247,0,0,1,0,1,0,1,0,0,1,0,0
61.23454060171372,0.21901098341334094,57.902356402850636,68.80128733069961,10.898930927848973,0,0,1,0,0,1,1,0,0,1,0,0
62.37145693508436,0.2048544232807785,63.7669481002707,76.312857631784,12.545909531513296,0,0,1,1,0,0,1,0,0,1,0,0
58.515525498540725,0.1961410081548137,64.29680966947203,76.25094983344421,11.954140163972184,0,0,1,0,1,0,1,0,0,1,0,0
77.59817391126387,0.20497136932006504,62.00707516618287,73.03701954522221,11.029944379039335,0,0,1,0,1,0,1,0,0,1,0,0
64.69559645393963,0.20840293799634454,67.48994164904343,79.25076036176141,11.760818712717978,0,0,1,1,0,0,1,0,0,1,0,0
63.80021875019823,0.2618855428506006,60.57679636881444,71.33642864569137,10.759632276876928,0,0,1,1,0,0,1,0,0,1,0,0
59.60165401659834,0.2128784649940332,60.900225871407955,72.35956399682091,11.459338125412955,0,0,1,1,0,0,1,0,0,1,0,0
68.89781364085222,0.223313190881334,71.16510136051149,82.36869085477439,11.2035894942629,0,0,1,0,1,0,1,0,0,1,0,0
59.7006655136553,0.2270325275595877,65.28150018412272,75.47808236470264,10.196582180579924,0,0,1,1,0,0,1,0,0,1,0,0
54.42605951604861,0.2376365586093585,58.72423057620772,71.94180648708121,13.217575910873492,0,0,1,1,0,0,1,0,0,0,0,1
61.19558575160393,0.20484838355194349,69.81302585009058,80.67755684549734,10.864530995406753,0,0,1,0,0,1,1,0,0,1,0,0
86.03277560721642,0.2288955104707929,61.4611190507623,73.37799430914599,11.91687525838369,0,0,1,1,0,0,1,0,0,1,0,0
49.83384511037285,0.20421206284459756,59.32116850260489,71.36577430823061,12.044605805625721,0,0,1,0,1,0,1,0,0,0,0,1
60.475636789695166,0.1994788031460445,62.7063373426794,73.60513946883988,10.898802126160483,0,0,1,1,0,0,1,0,0,1,0,0
45.34077898553904,0.2347521707125661,65.48533549397024,80.82764504071258,15.342309546742342,0,0,1,1,0,0,1,0,0,0,0,1
74.55509880336706,0.2348221602560453,69.02606020774687,82.09719485063134,13.071134642884473,0,0,1,0,0,1,1,0,0,1,0,0
46.188735000060646,0.1874921387304139,62.95414413484945,71.23623616151191,8.282092026662461,0,0,1,1,0,0,1,0,0,1,0,0
67.08392839948011,0.2603539939953389,67.43193192381814,75.43468872592891,8.002756802110767,0,0,1,1,0,0,1,0,0,1,0,0
54.68524589366079,0.2286883094441368,63.28037329866189,73.27199217928003,9.991618880618141,0,0,1,0,1,0,1,0,0,1,0,0
62.51777785808453,0.23832536586856645,61.40989518627494,72.4375774280749,11.027682241799965,0,0,1,1,0,0,1,0,0,1,0,0
72.206550170052,0.20536984962532928,62.52208538146641,72.33547919408093,9.813393812614521,0,0,1,1,0,0,1,0,0,1,0,0
55.51450525820489,0.2228507598005138,62.056145403525676,74.69830272725059,12.642157323724916,0,0,1,0,0,1,1,0,0,0,0,1
68.80180169525696,0.21690733863393352,59.536184131222804,70.60845552330314,11.072271392080332,0,0,1,0,0,1,1,0,0,1,0,0
64.45407018078984,0.2124756303704333,59.197687913127886,69.17848941707852,9.980801503950637,0,0,1,1,0,0,1,0,0,1,0,0
74.5628914207464,0.22105061503092546,62.93536440297346,72.26498142100031,9.329617018026852,0,0,1,1,0,0,1,0,0,1,0,0
50.16447107123071,0.2108053317280278,65.32316891698079,76.75758725396123,11.434418336980443,0,0,1,0,0,1,1,0,0,1,0,0
52.381528140609205,0.2211890142095671,59.89140808937057,70.43388837466198,10.542480285291404,0,0,1,1,0,0,1,0,0,1,0,0
65.77772672707995,0.2353429459457979,63.71708044662576,76.0750421135561,12.357961666930336,0,0,1,1,0,0,1,0,0,1,0,0
48.07331198579658,0.2485521178385437,62.49029493370056,72.75678792216084,10.266492988460278,0,0,1,0,0,1,1,0,0,1,0,0
58.65802863454116,0.18633974451823776,60.38471548495032,71.19252293028352,10.807807445333196,0,0,1,1,0,0,1,0,0,1,0,0
46.01014609997527,0.22836123219592136,64.92078965381991,75.91257321331395,10.991783559494039,0,0,1,0,0,1,1,0,0,1,0,0
56.85243790848903,0.18184637759240804,65.07551950114939,77.9742635200782,12.89874401892881,0,0,1,0,0,1,1,0,0,1,0,0
72.91689237046349,0.26586089561908605,68.03139328938154,79.7326519482813,11.70125865889976,0,0,1,1,0,0,1,0,0,1,0,0
65.39686435008048,0.2128744662821774,57.848350835552985,69.99712847207823,12.148777636525246,0,0,1,1,0,0,1,0,0,0,0,1
58.155077324399,0.2145181805140485,62.78036832595161,73.4641532948812,10.683784968929587,0,0,1,1,0,0,1,0,0,1,0,0
42.71456271850882,0.2386227448982147,59.5873889250044,68.31569006857147,8.728301143567073,0,0,1,1,0,0,1,0,0,1,0,0
60.11188643576355,0.232622050056393,69.46579678027561,78.52834582537915,9.062549045103538,0,0,1,0,1,0,1,0,0,1,0,0
70.53193618279174,0.2431832501004177,67.23561408882513,77.6952471827235,10.459633093898375,0,0,1,0,0,1,1,0,0,1,0,0
73.9308896630822,0.2417663598199861,58.938753505713,71.34930526139301,12.410551755680011,0,0,1,1,0,0,1,0,0,0,0,1
50.17702788745595,0.2125997146744678,75.91754847159955,89.26599967988535,13.348451208285809,0,0,1,0,1,0,1,0,0,1,0,0
55.67491297852128,0.2456191396306608,57.97190610277219,68.64622010041225,10.674313997640063,0,0,1,1,0,0,1,0,0,1,0,0
64.20722162885633,0.21069804140139453,69.57645234781249,82.5192033794938,12.942751031681311,0,0,1,0,1,0,1,0,0,1,0,0
79.6503415604628,0.2199120604760584,57.77313582455677,66.75220753359145,8.979071709034677,0,0,1,1,0,0,1,0,0,1,0,0
46.29887382819002,0.22345110612457647,62.68264572432631,74.45757999678437,11.774934272458061,0,0,1,1,0,0,1,0,0,1,0,0
52.9883549577167,0.27252019959067564,62.96669034532009,72.0913167400702,9.12462639475011,0,0,1,0,0,1,1,0,0,1,0,0
49.22130255042221,0.21327757412703072,57.41061782104775,69.36600373519104,11.955385914143292,0,0,1,0,0,1,1,0,0,0,0,1
58.9332611928084,0.21714953697971712,58.41201149025067,69.99043037701746,11.57841888676679,0,0,1,1,0,0,1,0,0,1,0,0
55.04040043694972,0.2150186983043177,59.95003663125321,72.2948807393167,12.344844108063484,0,0,1,0,0,1,1,0,0,0,0,1
52.62463019444807,0.1985452193101899,67.54865369764087,77.71886599318357,10.170212295542697,0,0,1,0,1,0,1,0,0,1,0,0
52.6507031349347,0.2048123191524384,63.830842705117924,72.60754941506924,8.77670670995132,0,0,1,1,0,0,1,0,0,1,0,0
53.95014468304825,0.21708401480668765,64.13995908859559,74.6982644512063,10.55830536261071,0,0,1,1,0,0,1,0,0,1,0,0
65.7775897268002,0.20445905677489487,61.7631789334353,73.1378433396853,11.374664406250005,0,0,1,1,0,0,1,0,0,1,0,0
62.302438486845844,0.2188502584549438,60.35248035035889,71.46519010917685,11.112709758817957,0,0,1,1,0,0,1,0,0,1,0,0
47.92349962019476,0.20600541208657505,68.6659148772079,81.42774721816771,12.761832340959813,0,0,1,0,1,0,1,0,0,1,0,0
51.836236329995174,0.26076575112029243,63.383521881437645,75.31562546728878,11.932103585851138,0,0,1,0,1,0,1,0,0,1,0,0
53.53850926387882,0.2205279413403317,63.70795443829122,74.91337247722986,11.205418038938639,0,0,1,1,0,0,1,0,0,1,0,0
69.48964597070106,0.2271039684432013,59.94065029464985,69.9807803594352,10.040130064785352,0,0,1,1,0,0,1,0,0,1,0,0
57.76637923920557,0.2445931482698048,64.23365789120476,75.49874738644698,11.265089495242222,0,0,1,1,0,0,1,0,0,1,0,0
56.006335349711286,0.2239673649618338,61.730260126535434,75.08824845266349,13.357988326128059,0,0,1,1,0,0,1,0,0,0,0,1
54.72973233840495,0.20623345464064854,65.8111087013005,76.92798755582423,11.116878854523733,0,0,1,1,0,0,1,0,0,1,0,0
54.266052504398544,0.25657973987367466,57.26511979890986,67.84894025606506,10.583820457155205,0,0,1,1,0,0,1,0,0,1,0,0
50.24001975027094,0.21005907925374215,61.05944788892122,72.38605380790307,11.326605918981848,0,0,1,1,0,0,1,0,0,1,0,0
56.83511807072987,0.229988727152072,63.36953976496915,73.54084387723037,10.171304112261225,0,0,1,1,0,0,1,0,0,1,0,0
56.50417263169789,0.2528728625145089,65.59270455178284,76.69516572214438,11.102461170361536,0,0,1,0,1,0,1,0,0,1,0,0
76.15405127772705,0.2369810843766623,69.80397691449163,80.23660671865005,10.432629804158424,0,0,1,1,0,0,1,0,0,1,0,0
46.19566991931932,0.2213297182041806,56.48561574979802,68.24541371789718,11.759797968099157,0,0,1,1,0,0,1,0,0,0,0,1
56.336712284878644,0.22012245505824599,64.35753706099104,76.73684472515984,12.379307664168806,0,0,1,0,0,1,1,0,0,1,0,0
58.44743524527946,0.2347085247445699,69.94069353267001,80.94531572473613,11.004622192066122,0,0,1,0,1,0,1,0,0,1,0,0
71.64565917312544,0.21027625739063632,60.744624924041325,70.21143079729482,9.466805873253499,0,0,1,1,0,0,1,0,0,1,0,0
77.83005416577895,0.2201793493429342,58.45572167448215,70.0077468108465,11.55202513636435,0,0,1,1,0,0,1,0,0,1,0,0
65.45300717088368,0.19964275549850186,66.9703665826802,77.83126266386907,10.86089608118887,0,0,1,0,1,0,1,0,0,1,0,0
73.62269216936426,0.2414932446899153,67.44745179246848,79.31219713086554,11.864745338397057,0,0,1,0,0,1,1,0,0,1,0,0
69.13005544793114,0.21494585575937644,61.9147978542797,73.26061497198577,11.345817117706076,0,0,1,1,0,0,1,0,0,1,0,0
66.26194571299777,0.21206823879994915,61.28393072304472,72.46433140357823,11.18040068053351,0,0,1,1,0,0,1,0,0,1,0,0
66.08632393892292,0.20505101687967506,65.09508485984747,78.92165237707319,13.826567517225712,0,0,1,1,0,0,1,0,0,0,0,1
56.886526702001746,0.2021459976515931,64.24175022589799,74.46812649265256,10.22637626675457,0,0,1,1,0,0,1,0,0,1,0,0
64.95041662190751,0.22368351255966912,66.55237110474515,79.40897535358486,12.856604248839716,0,0,1,0,0,1,1,0,0,1,0,0
49.47434138992432,0.2124480256247393,58.90457934741747,69.20043975645595,10.295860409038482,0,0,1,1,0,0,1,0,0,1,0,0
62.36365052553626,0.2297180333561464,63.342506599286,74.65399522764002,11.311488628354027,0,0,1,0,0,1,1,0,0,1,0,0
59.49960913194572,0.250005160623939,61.45009504103085,74.69204006481105,13.241945023780204,0,0,1,1,0,0,1,0,0,0,0,1
56.79389662356823,0.1897253273553896,66.07447939637409,75.07418433685021,8.999704940476121,0,0,1,1,0,0,1,0,0,1,0,0
50.71546749862682,0.20327945153597196,63.297494230814756,75.2571023557618,11.959608124947046,0,0,1,0,0,1,1,0,0,1,0,0
46.25239625318244,0.22491547434755246,68.51606921221219,78.575196893339,10.05912768112681,0,0,1,0,0,1,1,0,0,1,0,0
49.066700804339476,0.2299003518024476,61.21442256987546,71.80816151200496,10.593738942129498,0,0,1,1,0,0,1,0,0,1,0,0
38.203931480404776,0.23232985776490275,64.35260850757655,76.04312253055933,11.690514022982782,0,0,1,1,0,0,1,0,0,1,0,0
69.18044717189412,0.21674291656032324,59.21660005213124,72.632248407154,13.415648355022753,0,0,1,1,0,0,1,0,0,0,0,1
76.80765206185657,0.26644633493089465,59.25378800468953,70.09577409175715,10.841986087067617,0,0,1,0,1,0,1,0,0,1,0,0
61.000452230183754,0.21632826323262005,68.73912722597026,81.20404268333375,12.464915457363489,0,0,1,1,0,0,1,0,0,1,0,0
87.39839572351478,0.1731693278840472,59.701308416651536,70.64209264152505,10.940784224873518,0,0,1,1,0,0,1,0,0,1,0,0
52.26794043537426,0.22618751903333065,62.66595619198666,74.40193263297945,11.735976440992793,0,0,1,1,0,0,1,0,0,1,0,0
77.65307442526459,0.2089292262079234,65.86594071672548,78.81444941515312,12.948508698427645,0,0,1,0,0,1,1,0,0,1,0,0
63.81599962059931,0.2556653437105625,64.74450916615298,75.86638959931778,11.121880433164804,0,0,1,1,0,0,1,0,0,1,0,0
48.51564617399615,0.2377738259605426,60.87526721161111,73.37910926605373,12.503842054442622,0,0,1,1,0,0,1,0,0,0,0,1
52.15340875173241,0.25195586677338866,63.72946827472538,73.57282934336062,9.843361068635247,0,0,1,0,0,1,1,0,0,1,0,0
67.07789344837397,0.2374260352515735,66.38721214429864,77.06446379324413,10.677251648945486,0,0,1,0,0,1,1,0,0,1,0,0
61.23628645986352,0.2492029301430321,61.939339161687954,73.8449756469989,11.90563648531095,0,0,1,1,0,0,1,0,0,1,0,0
64.07224676586206,0.2365592191779839,59.20762363770679,70.58087894687348,11.373255309166694,0,0,1,1,0,0,1,0,0,1,0,0
68.18970943006032,0.2302096613518904,56.77122886104063,67.43655878447603,10.6653299234354,0,0,1,1,0,0,1,0,0,1,0,0
69.64577301696572,0.2173202051580192,65.34653851424545,75.49121554106871,10.14467702682326,0,0,1,1,0,0,1,0,0,1,0,0
65.56391346713927,0.2393910482363383,63.1884557467494,75.2339058381247,12.0454500913753,0,0,1,1,0,0,1,0,0,1,0,0
43.8041457177228,0.22370713551544424,64.99966059095773,75.82871943723256,10.829058846274833,0,0,1,1,0,0,1,0,0,1,0,0
60.89592429959396,0.2328328286035388,65.25092893764011,77.06793627963837,11.817007341998263,0,0,1,1,0,0,1,0,0,1,0,0
69.69571973147688,0.2359238359002044,68.49337568202147,79.94577885997266,11.452403177951197,0,0,1,0,0,1,1,0,0,1,0,0
60.58336514302493,0.23142531541720454,66.66467794658817,76.41132905675201,9.746651110163839,0,0,1,1,0,0,1,0,0,1,0,0
69.30756257185611,0.20255687480534834,57.578382328237346,68.99700004274443,11.418617714507086,0,0,1,1,0,0,1,0,0,1,0,0
50.3828378752831,0.2230770931718516,59.24346653627872,71.32122951337746,12.077762977098743,0,0,1,1,0,0,1,0,0,0,0,1
65.73652743396067,0.25276896797507964,61.25456235056244,70.8203413645694,9.565779014006964,0,0,1,1,0,0,1,0,0,1,0,0
61.457451451790114,0.2373049917264835,61.51137897956632,74.08145448656934,12.570075507003025,0,0,1,0,1,0,1,0,0,0,0,1
58.56382205814553,0.2806459573946942,63.636312265046165,75.79885665705245,12.16254439200629,0,0,1,1,0,0,1,0,0,1,0,0
54.899665561884106,0.2537046475765094,61.690949509766185,72.18094776227923,10.489998252513047,0,0,1,1,0,0,1,0,0,1,0,0
54.66719907709718,0.1841559626168381,66.31865877846879,76.74302822004672,10.424369441577937,0,0,1,1,0,0,1,0,0,1,0,0
71.8801537757941,0.2750273743214665,59.99215526390257,70.21085846448682,10.218703200584251,0,0,1,0,0,1,1,0,0,1,0,0
43.98653123777543,0.2401430939642389,65.89126757545435,76.7847941657823,10.893526590327951,0,0,1,0,0,1,1,0,0,1,0,0
69.96965425509768,0.2313238864142113,64.99161589346062,77.86121601966155,12.869600126200936,0,0,1,0,1,0,1,0,0,1,0,0
62.86588778025075,0.2494875272442047,63.189420384587535,73.83759760266915,10.648177218081614,0,0,1,1,0,0,1,0,0,1,0,0
52.895313719102106,0.23644499641627598,65.79628363409921,75.65354163407069,9.85725799997148,0,0,1,0,0,1,1,0,0,1,0,0
62.909413705103255,0.23751151293406503,56.396103181091654,68.31273653359558,11.91663335250393,0,0,1,0,0,1,1,0,0,0,0,1
60.363644132865325,0.22031444649448853,63.21081129022922,73.72692012082742,10.516108830598192,0,0,1,1,0,0,1,0,0,1,0,0
76.55874547041445,0.18820173556298947,64.65579494804219,73.81434272881391,9.158547780771727,0,0,1,1,0,0,1,0,0,1,0,0
67.56988580796812,0.19321261165420686,70.5924230611068,84.21204501483214,13.619621953725343,0,0,1,1,0,0,1,0,0,1,0,0
47.83392353544307,0.2330163015023927,55.569852012645825,65.61109429119352,10.0412422785477,0,0,1,1,0,0,1,0,0,1,0,0
56.54230086384717,0.2046019722739414,69.30819487854329,84.31683204679094,15.008637168247645,0,0,1,1,0,0,1,0,0,0,0,1
48.82133456882685,0.2109003360085976,65.5971708523882,76.78434807121162,11.187177218823422,0,0,1,1,0,0,1,0,0,1,0,0
60.45247271374782,0.23143297863729506,57.50530951332171,68.80841332586796,11.303103812546247,0,0,1,1,0,0,1,0,0,1,0,0
57.723777674680484,0.2132583996930803,62.90460344401482,73.70920762907423,10.80460418505941,0,0,1,1,0,0,1,0,0,1,0,0
61.262874358527185,0.245028894295938,58.40054335644096,69.76318525156361,11.36264189512265,0,0,1,1,0,0,1,0,0,1,0,0
39.25404910488269,0.1908247347530004,63.6802372426354,74.69157084028515,11.011333597649752,0,0,1,1,0,0,1,0,0,1,0,0
75.01979535104155,0.21507909934050645,66.55294524711096,78.5141912487853,11.96124600167434,0,0,1,1,0,0,1,0,0,1,0,0
59.143255975971286,0.2231550744903112,60.4186049808054,69.39922244296586,8.980617462160467,0,0,1,1,0,0,1,0,0,1,0,0
72.14725445256985,0.2092900111953556,65.67744258688589,78.37517523326123,12.697732646375343,0,0,1,1,0,0,1,0,0,1,0,0
54.57930038777332,0.2374138046858682,64.3521774478965,75.9477988763487,11.595621428452205,0,0,1,1,0,0,1,0,0,1,0,0
78.88091930244669,0.26083356798334584,65.42283662538287,76.99669035839634,11.573853733013465,0,0,1,0,0,1,1,0,0,1,0,0
49.098470685761484,0.2274432207589481,62.384797387798045,72.00524881245461,9.620451424656565,0,0,1,0,0,1,1,0,0,1,0,0
70.74246397504278,0.2095934793305345,55.47822473870843,67.80728064254825,12.329055903839823,0,0,1,1,0,0,1,0,0,0,0,1
56.48581369923228,0.19241749665203087,61.61877146456044,73.67374629455445,12.05497482999401,0,0,1,1,0,0,1,0,0,1,0,0
59.25485818368828,0.21351648212723,66.24150201564632,75.50537510708766,9.26387309144134,0,0,1,1,0,0,1,0,0,1,0,0
56.10975026711106,0.23514855898971004,71.37484288924938,85.01749350988524,13.642650620635862,0,0,1,0,1,0,1,0,0,1,0,0
63.872591602559005,0.2320751577819533,65.90051171805513,76.9973566417222,11.096844923667078,0,0,1,1,0,0,1,0,0,1,0,0
47.7156870134966,0.20993244456322946,65.0764456131772,74.80807104678239,9.731625433605188,0,0,1,0,1,0,1,0,0,1,0,0
52.505328436838134,0.27891221046099185,57.13393129908928,69.85002335805386,12.716092058964584,0,0,1,0,0,1,1,0,0,0,0,1
40.882147381082326,0.21178356778258128,60.8080555204465,70.83532042755624,10.027264907109739,0,0,1,1,0,0,1,0,0,1,0,0
63.95399962330363,0.1881866004118869,68.10110328447362,80.93656187126818,12.835458586794559,0,0,1,1,0,0,1,0,0,1,0,0
55.43225636175272,0.22287271812832649,57.40549004040268,69.85189421161375,12.446404171211071,0,0,1,1,0,0,1,0,0,0,0,1
73.96153679409562,0.2347702702107915,69.13562309697106,82.04846482918845,12.912841732217387,0,0,1,1,0,0,1,0,0,1,0,0
60.222376173929746,0.20797293776996534,61.98633897613521,71.83490083441713,9.848561858281919,0,0,1,1,0,0,1,0,0,1,0,0
70.68371080164229,0.2406345207920517,62.35027055016982,73.5284737877573,11.17820323758749,0,0,1,1,0,0,1,0,0,1,0,0
56.67145278182746,0.2282598483150809,59.97254703151136,70.91027858927083,10.93773155775947,0,0,1,0,0,1,1,0,0,1,0,0
66.28760210533845,0.211959431209028,66.01192994136578,76.66220724945507,10.650277308089287,0,0,1,1,0,0,1,0,0,1,0,0
71.58427830824735,0.20825833175294695,61.5013380432384,72.88215875433431,11.380820711095915,0,0,1,0,1,0,1,0,0,1,0,0
67.55951463067932,0.22648585701541574,57.38904036625879,70.62679311892659,13.237752752667795,0,0,1,1,0,0,1,0,0,0,0,1
61.129000981619825,0.19151085653343894,64.99441078969339,75.71684802681814,10.722437237124751,0,0,1,1,0,0,1,0,0,1,0,0
88.68066976663347,0.2078328548259129,67.1913575000722,79.80995783381194,12.618600333739735,0,0,1,1,0,0,1,0,0,1,0,0
60.91804638519614,0.2597049593226388,68.54249246475261,79.93874654349705,11.396254078744434,0,0,1,1,0,0,1,0,0,1,0,0
52.83693438311172,0.2473474773760281,59.07354805211168,69.23077015430329,10.157222102191604,0,0,1,1,0,0,1,0,0,1,0,0
33.3157904431821,0.20141505768921605,62.361170418621676,75.57277049419825,13.211600075576577,0,0,1,0,1,0,1,0,0,0,0,1
83.63428032017434,0.2414430491678411,58.345279405245435,67.59849757061902,9.253218165373582,0,0,1,1,0,0,1,0,0,1,0,0
51.951599876580474,0.2075846007291945,60.454865330775995,70.44317177036334,9.98830643958734,0,0,1,1,0,0,1,0,0,1,0,0
92.66666563998243,0.19970491232341134,59.245036738235065,70.95739927668845,11.712362538453384,0,0,1,1,0,0,1,0,0,1,0,0
53.363093542612106,0.2164585110479063,60.43776852751953,70.8619841576668,10.424215630147266,0,0,1,0,1,0,1,0,0,1,0,0
42.52356650743556,0.2069028738569611,59.44431212493123,70.7402993117654,11.295987186834168,0,0,1,1,0,0,1,0,0,1,0,0
65.10175845380638,0.2256112724037031,62.24564014025779,74.27420930735924,12.028569167101452,0,0,1,0,0,1,1,0,0,1,0,0
55.792572846152865,0.16789232214636296,64.38159998666477,76.61136123985116,12.229761253186396,0,0,1,1,0,0,1,0,0,1,0,0
48.90670729824063,0.21486451814157725,62.30492440826278,72.10211241517615,9.797188006913373,0,0,1,1,0,0,1,0,0,1,0,0
69.81901741810378,0.2407011420051431,59.75749018366994,70.91444828338142,11.156958099711481,0,0,1,1,0,0,1,0,0,1,0,0
43.96026761391658,0.21598661001714367,56.96819317391841,67.89923171419105,10.931038540272638,0,0,1,1,0,0,1,0,0,1,0,0
57.99346601059138,0.19587499788811452,68.08024471780233,80.86813378939135,12.78788907158902,0,0,1,0,0,1,1,0,0,1,0,0
81.0495582997775,0.22421463865096208,61.37917061265947,71.20828124039981,9.829110627740341,0,0,1,1,0,0,1,0,0,1,0,0
45.59199880140775,0.2120242101730984,64.12725908921239,74.46915628425539,10.341897195043003,0,0,1,1,0,0,1,0,0,1,0,0
76.27199094505869,0.20902656076808887,62.98391039690046,73.1562731002234,10.17236270332294,0,0,1,0,0,1,1,0,0,1,0,0
70.53158794663145,0.219570212831182,65.2022396227796,74.704171497325,9.501931874545406,0,0,1,1,0,0,1,0,0,1,0,0
58.62123469148053,0.2597636754431786,62.60225274267064,73.56366518343644,10.961412440765798,0,0,1,0,0,1,1,0,0,1,0,0
52.1509841815697,0.21460793322173186,66.16128606623805,76.44398560170514,10.282699535467088,0,0,1,1,0,0,1,0,0,1,0,0
73.1535535501121,0.242334528376544,64.59761667743608,75.58737013852594,10.989753461089862,0,0,1,1,0,0,1,0,0,1,0,0
57.75872933969775,0.1644738341378106,61.19758293366562,72.01467956306796,10.817096629402336,0,0,1,1,0,0,1,0,0,1,0,0
69.05809219299502,0.22381387120883384,65.4020197224003,76.81321483622294,11.411195113822643,0,0,1,1,0,0,1,0,0,1,0,0
55.3176431730678,0.205901497579035,65.6750205781767,78.97618842690427,13.301167848727573,0,0,1,1,0,0,1,0,0,0,0,1
60.8083358106046,0.2448301730833385,68.80473404180836,80.99558776452197,12.190853722713612,0,0,1,1,0,0,1,0,0,1,0,0
39.35058659684722,0.249772177760886,65.7513518818612,75.57991973789873,9.828567856037537,0,0,1,1,0,0,1,0,0,1,0,0
54.364311426963894,0.2674197074389095,60.408276203227025,72.62517421303552,12.216898009808496,0,0,1,1,0,0,1,0,0,0,0,1
35.94088606576646,0.1953674125039901,59.24933388289686,70.89803873193699,11.64870484904013,0,0,1,1,0,0,1,0,0,1,0,0
60.14841991572285,0.2201026244971108,59.62004505255268,70.98461271618825,11.364567663635569,0,0,1,1,0,0,1,0,0,1,0,0
52.394056586275596,0.2291648338820774,67.22075408413346,80.1986902632591,12.977936179125635,0,0,1,1,0,0,1,0,0,1,0,0
60.918113387539044,0.2654204701445653,58.49624950626037,72.78641707413023,14.290167567869858,0,0,1,0,0,1,1,0,0,0,0,1
55.76545176100464,0.2442805070813607,64.52963404386,77.30141198188699,12.771777938026986,0,0,1,1,0,0,1,0,0,1,0,0
71.50268995630495,0.18662840241162326,66.84885798163612,75.54218545949759,8.693327477861473,0,0,1,1,0,0,1,0,0,1,0,0
45.62039168743224,0.22059595610830848,62.2226656767511,72.45299359354863,10.230327916797528,0,0,1,1,0,0,1,0,0,1,0,0
68.67427549417752,0.22263224668486506,67.22938220445371,79.50963891564909,12.280256711195378,0,0,1,1,0,0,1,0,0,1,0,0
64.66945582914124,0.2212447060631344,65.75119894055675,76.05469202551211,10.303493084955363,0,0,1,0,1,0,1,0,0,1,0,0
76.01946561018666,0.21317746900182585,67.98121396736771,79.8495203317502,11.86830636438249,0,0,1,1,0,0,1,0,0,1,0,0
52.53472345563664,0.21120087616171385,63.99627495540698,76.2752528165184,12.278977861111422,0,0,1,0,1,0,1,0,0,1,0,0
59.781339161575154,0.2539068112966842,64.01920161598377,75.07196049994471,11.052758883960934,0,0,1,1,0,0,1,0,0,1,0,0
55.92101648498499,0.1966926868355736,64.293289420668,75.32032182866568,11.02703240799768,0,0,1,1,0,0,1,0,0,1,0,0
54.8307136733021,0.19293804666189504,60.504888171355226,69.66875386302601,9.163865691670786,0,0,1,1,0,0,1,0,0,1,0,0
57.920191082319256,0.23679737969019665,65.055521382572,76.46129927765321,11.405777895081215,0,0,1,1,0,0,1,0,0,1,0,0
72.56525238647261,0.2062088971431253,67.86219228007113,81.09016724585922,13.227974965788093,0,0,1,0,1,0,1,0,0,1,0,0
65.36074206837641,0.1757150807438069,61.02921176696477,71.35844834236933,10.329236575404558,0,0,1,0,0,1,1,0,0,1,0,0
60.64807296445402,0.247900617201012,60.223107347757356,71.53914945522091,11.316042107463552,0,0,1,1,0,0,1,0,0,1,0,0
71.54268412436375,0.2123216231331699,68.0508509681019,79.78666517654554,11.735814208443642,0,0,1,0,1,0,1,0,0,1,0,0
71.23207910125286,0.20215017429802898,69.56021615431408,82.68179854703412,13.121582392720043,0,0,1,1,0,0,1,0,0,1,0,0
37.92158845342861,0.2314909276206688,60.820913943766044,73.10289630372868,12.28198235996264,0,0,1,1,0,0,1,0,0,0,0,1
66.81509499750999,0.2088365164423377,62.18859373958743,75.06851039499001,12.879916655402582,0,0,1,0,0,1,1,0,0,0,0,1
69.8380644266584,0.232348889608348,57.68639400908278,66.99576310389112,9.30936909480834,0,0,1,1,0,0,1,0,0,1,0,0
54.11974149153286,0.2334947880472221,57.66106870475253,70.36891861353169,12.70784990877916,0,0,1,0,0,1,1,0,0,0,0,1
66.49385461387465,0.18821525341654904,61.0929376404371,73.16911164948074,12.07617400904364,0,0,1,1,0,0,1,0,0,1,0,0
47.332507939573965,0.2152597721967701,60.72973670234735,72.01546328749042,11.285726585143067,0,0,1,0,0,1,1,0,0,1,0,0
74.36665832795664,0.2477829575341648,63.68410664153844,74.6206296737375,10.936523032199055,0,0,1,1,0,0,1,0,0,1,0,0
78.35810738003558,0.21436783649205413,63.49071560066138,75.27398094060055,11.78326533993917,0,0,1,1,0,0,1,0,0,1,0,0
62.81804688936949,0.2297864121176906,61.18958733624181,71.49211727557292,10.302529939331116,0,0,1,0,0,1,1,0,0,1,0,0
69.72092326159421,0.26448810607447004,61.53596624347805,73.46507623547436,11.929109991996306,0,0,1,1,0,0,1,0,0,1,0,0
52.040335905341436,0.22021784089876975,56.43941149283183,66.08295963515798,9.643548142326146,0,0,1,1,0,0,1,0,0,1,0,0
68.58800285033674,0.2394023703341997,64.66782925328971,76.10849041729867,11.440661164008958,0,0,1,1,0,0,1,0,0,1,0,0
49.47318146385882,0.2329726508952903,64.9103403658884,75.53522587839599,10.62488551250759,0,0,1,0,1,0,1,0,0,1,0,0
57.682470147880714,0.24492163529350214,68.29443470867182,78.69353078985712,10.399096081185306,0,0,1,1,0,0,1,0,0,1,0,0
40.24853988029561,0.2166726859517384,60.274775209362964,74.07204827845716,13.797273069094196,0,0,1,1,0,0,1,0,0,0,0,1
60.03912977584782,0.2013105749996771,53.8884089502481,64.90541874079732,11.017009790549217,0,0,1,1,0,0,1,0,0,0,0,1
65.98386570345691,0.2106874891728964,67.29689947369548,77.33293124035391,10.03603176665844,0,0,1,0,0,1,1,0,0,1,0,0
64.39771988903183,0.20423665384724696,59.49488823028905,68.18253009281005,8.687641862521005,0,0,1,1,0,0,1,0,0,1,0,0
85.50561852198695,0.2553167969289959,60.793922925236636,70.38545555775877,9.591532632522139,0,0,1,1,0,0,1,0,0,1,0,0
60.9090278530016,0.21550571590177106,56.6944394364806,66.92761279045698,10.233173353976376,0,0,1,1,0,0,1,0,0,1,0,0
76.04434953061562,0.25957053585843004,61.738391604762136,75.8302957036381,14.091904098875965,0,0,1,1,0,0,1,0,0,0,0,1
80.67815745207419,0.2400917557487384,60.58074524206497,71.2584707841859,10.677725542120932,0,0,1,0,0,1,1,0,0,1,0,0
75.07735729633539,0.251436042799214,63.35288749211443,76.7144126273962,13.361525135281774,0,0,1,1,0,0,1,0,0,0,0,1
54.32922108210642,0.2362529529354163,70.60931567827393,84.72903551008916,14.119719831815232,0,0,1,0,1,0,1,0,0,0,0,1
60.986417521820925,0.23275123691814806,63.98039660360188,76.69471384187847,12.714317238276585,0,0,1,0,0,1,1,0,0,0,0,1
68.08859049385808,0.20935013653916584,59.16477216622694,71.2028266999932,12.038054533766257,0,0,1,1,0,0,1,0,0,0,0,1
51.942378328176616,0.22468065419777072,64.09193917657778,77.51842406661821,13.426484890040427,0,0,1,1,0,0,1,0,0,0,0,1
47.97275178443431,0.1991328384608277,58.64978563178311,67.467243826972,8.817458195188884,0,0,1,0,0,1,1,0,0,1,0,0
58.536676412300174,0.2521338926045889,63.61877215660222,73.90436199077322,10.285589834171006,0,0,1,1,0,0,1,0,0,1,0,0
58.047987018811426,0.2255191637677749,67.75540289376244,78.07242033707846,10.317017443316018,0,0,1,0,0,1,1,0,0,1,0,0
71.33257462801039,0.22580831784668084,57.64441384086889,68.18712673049482,10.542712889625932,0,0,1,1,0,0,1,0,0,1,0,0
55.43589471629714,0.20592667076434648,55.32940273284667,68.01302861597077,12.683625883124101,0,0,1,1,0,0,1,0,0,0,0,1
63.78866968982678,0.1770281707904889,63.34414463065824,73.88178258492933,10.537637954271084,0,0,1,1,0,0,1,0,0,1,0,0
49.87961466982957,0.20455271690454652,66.35465769150747,78.21484983747227,11.860192145964803,0,0,1,1,0,0,1,0,0,1,0,0
48.63573481893214,0.2037568013077405,63.824706657718274,75.31494402080517,11.490237363086898,0,0,1,1,0,0,1,0,0,1,0,0
70.95577380910203,0.2202068433887183,56.866787157886286,66.85737360835087,9.990586450464583,0,0,1,1,0,0,1,0,0,1,0,0
52.74380288473069,0.23465085309027456,62.13386248326994,73.08276541311973,10.948902929849794,0,0,1,0,0,1,1,0,0,1,0,0
45.88975715239891,0.2618201066022696,63.22213540649183,75.9467839093423,12.72464850285047,0,0,1,1,0,0,1,0,0,0,0,1
72.77466290142542,0.21923597280876791,67.25328796448295,77.15167490702723,9.898386942544278,0,0,1,1,0,0,1,0,0,1,0,0
59.109064364517934,0.1621228012007405,64.27207711643543,74.25467963813902,9.982602521703598,0,0,1,1,0,0,1,0,0,1,0,0
67.99931363239769,0.2449953714883055,65.73328677106713,76.96163786375071,11.228351092683582,0,0,1,0,0,1,1,0,0,1,0,0
57.8897805255641,0.2258558682305436,65.957629966698,78.09609593922565,12.138465972527655,0,0,1,0,0,1,1,0,0,1,0,0
45.109395823323965,0.22734934337688364,63.12359746166028,72.55150438848786,9.427906926827575,0,0,1,1,0,0,1,0,0,1,0,0
82.03432861320745,0.19236323691157664,63.101450114388115,71.81840231269477,8.716952198306657,0,0,1,1,0,0,1,0,0,1,0,0
65.84866586303926,0.2103235983422712,58.77052085921323,70.7969862971848,12.026465437971574,0,0,1,1,0,0,1,0,0,0,0,1
53.99003915004077,0.279467272429953,64.84914095033132,76.14954594793073,11.300404997599415,0,0,1,1,0,0,1,0,0,1,0,0
76.2061810877287,0.23580004268103785,60.7061713125187,71.80637155442312,11.100200241904425,0,0,1,1,0,0,1,0,0,1,0,0
72.17805251037142,0.2019870232579098,69.2072752246861,80.42510367829951,11.217828453613407,0,0,1,1,0,0,1,0,0,1,0,0
38.097761828960685,0.22342918332031791,63.6452445051071,74.69811413429034,11.052869629183235,0,0,1,0,0,1,1,0,0,1,0,0
61.98633687737646,0.20813399322441525,61.15794842553286,71.9607300328811,10.802781607348244,0,0,1,1,0,0,1,0,0,1,0,0
63.29737225669275,0.1786221669458588,63.10594435705917,73.42789480479243,10.321950447733258,0,0,1,1,0,0,1,0,0,1,0,0
61.064359395388756,0.19719543009320364,59.20314446723479,68.54304434984381,9.339899882609018,0,0,1,1,0,0,1,0,0,1,0,0
67.33633488664815,0.1915681537427616,62.613979818737576,73.02771613466264,10.413736315925064,0,0,1,0,0,1,1,0,0,1,0,0
79.80946384096141,0.19419634733059368,65.270924416421,78.25454595623314,12.983621539812148,0,0,1,1,0,0,1,0,0,0,0,1
56.465478334606026,0.20271763148849534,56.63844494001097,67.62693362652958,10.988488686518608,0,0,1,1,0,0,1,0,0,1,0,0
59.5038912853279,0.21930733295060825,66.07456859437855,77.9714081105693,11.896839516190752,0,0,1,0,1,0,1,0,0,1,0,0
56.45219669327045,0.2316618080815621,59.16107502412965,68.10667704032745,8.945602016197803,0,0,1,1,0,0,1,0,0,1,0,0
67.59907111028718,0.2280472774292095,62.00710004734324,72.99797021487943,10.990870167536187,0,0,1,1,0,0,1,0,0,1,0,0
66.42541351620129,0.25168823988274336,66.1377920321543,77.70477347907546,11.566981446921162,0,0,1,0,0,1,1,0,0,1,0,0
48.838803132154986,0.1945414864097191,59.382629165283,68.55775499333735,9.175125828054355,0,0,1,1,0,0,1,0,0,1,0,0
54.836717296322135,0.24229348636631756,59.7693716668131,72.61347240072966,12.844100733916562,0,0,1,1,0,0,1,0,0,0,0,1
49.50975732414873,0.2199394786140841,65.29671797975733,77.82990123844813,12.533183258690798,0,0,1,0,0,1,1,0,0,1,0,0
59.54061100905161,0.2032077931468584,61.86793006089244,72.79711560681028,10.92918554591784,0,0,1,0,0,1,1,0,0,1,0,0
77.79783628058621,0.25048770464830555,66.02369364248248,78.24936663965444,12.225672997171955,0,0,1,1,0,0,1,0,0,1,0,0
62.6415012415711,0.2128658863448203,69.31518651037635,80.04654493629384,10.731358425917492,0,0,1,1,0,0,1,0,0,1,0,0
56.504037132758036,0.1934593897965386,60.08494363408415,69.6436380917416,9.558694457657445,0,0,1,1,0,0,1,0,0,1,0,0
64.47515479965382,0.23391771096925376,66.9544197468659,80.52126208463764,13.566842337771746,0,0,1,0,0,1,1,0,0,0,0,1
55.51492603498278,0.21120831192073847,70.01955754066482,81.33779602388178,11.318238483216959,0,0,1,0,1,0,1,0,0,1,0,0
70.29192650947212,0.15534285093165032,60.95817337424166,72.00790077556452,11.049727401322862,0,0,1,1,0,0,1,0,0,1,0,0
64.45348464085383,0.181305214489602,66.99685446514421,78.66235729643897,11.66550283129476,0,0,1,0,1,0,1,0,0,1,0,0
58.2176990306889,0.2557098978322518,66.84232469390082,80.04702910743917,13.204704413538352,0,0,1,0,1,0,1,0,0,1,0,0
54.407920286319616,0.22823213284488544,70.59407155421707,83.56128492512622,12.96721337090915,0,0,1,1,0,0,1,0,0,1,0,0
